,exp,celltype,celltype_n,modality,file,atlas_name,sum_stat,baseline_pct,umap_pct,scale,clip,clip_soft,task
0,BasalGanglia-STR-D1-MSN_ATAC,BasalGanglia-STR-D1-MSN,156508,ATAC,./Data/source/ATAC_bw/STR_D1_MSN.bw,BasalGanglia,mean,0.5,0.5,80.0,3.2,0.8,regression
1,BasalGanglia-STR-D1-MSN_K27Ac,BasalGanglia-STR-D1-MSN,156508,K27Ac,./Data/source/bamCoverage_bw/STR_D1_MSN.bam_merge_A.bw,BasalGanglia,mean,0.5,0.5,2.0,128.0,32.0,regression
2,BasalGanglia-STR-D1-MSN_K27Me3,BasalGanglia-STR-D1-MSN,156508,K27Me3,./Data/source/bamCoverage_bw/STR_D1_MSN.bam_merge_B.bw,BasalGanglia,mean,0.5,0.5,2.0,128.0,32.0,regression
3,BasalGanglia-STR-D1-MSN_K9Me3,BasalGanglia-STR-D1-MSN,156508,K9Me3,./Data/source/bamCoverage_bw/STR_D1_MSN.bam_merge_C.bw,BasalGanglia,mean,0.5,0.5,5.5,48.0,12.0,regression
4,BasalGanglia-STR-D1-MSN_RNAminus,BasalGanglia-STR-D1-MSN,156508,RNAminus,./Data/source/ENCODE_RNA_bw/STR_D1_MSN.bam_merge_minusUniq.bw,BasalGanglia,sum_three_quarter,0.5,0.5,1.5,128.0,48.0,regression
5,BasalGanglia-STR-D1-MSN_RNAplus,BasalGanglia-STR-D1-MSN,156508,RNAplus,./Data/source/ENCODE_RNA_bw/STR_D1_MSN.bam_merge_plusUniq.bw,BasalGanglia,sum_three_quarter,0.5,0.5,1.5,128.0,48.0,regression
6,BasalGanglia-STR-D2-MSN_ATAC,BasalGanglia-STR-D2-MSN,151486,ATAC,./Data/source/ATAC_bw/STR_D2_MSN.bw,BasalGanglia,mean,0.5,0.5,80.0,3.2,0.8,regression
7,BasalGanglia-STR-D2-MSN_K27Ac,BasalGanglia-STR-D2-MSN,151486,K27Ac,./Data/source/bamCoverage_bw/STR_D2_MSN.bam_merge_A.bw,BasalGanglia,mean,0.5,0.5,2.0,128.0,32.0,regression
8,BasalGanglia-STR-D2-MSN_K27Me3,BasalGanglia-STR-D2-MSN,151486,K27Me3,./Data/source/bamCoverage_bw/STR_D2_MSN.bam_merge_B.bw,BasalGanglia,mean,0.5,0.5,2.0,128.0,32.0,regression
9,BasalGanglia-STR-D2-MSN_K9Me3,BasalGanglia-STR-D2-MSN,151486,K9Me3,./Data/source/bamCoverage_bw/STR_D2_MSN.bam_merge_C.bw,BasalGanglia,mean,0.5,0.5,5.5,48.0,12.0,regression
10,BasalGanglia-STR-D2-MSN_RNAminus,BasalGanglia-STR-D2-MSN,151486,RNAminus,./Data/source/ENCODE_RNA_bw/STR_D2_MSN.bam_merge_minusUniq.bw,BasalGanglia,sum_three_quarter,0.5,0.5,1.5,128.0,48.0,regression
11,BasalGanglia-STR-D2-MSN_RNAplus,BasalGanglia-STR-D2-MSN,151486,RNAplus,./Data/source/ENCODE_RNA_bw/STR_D2_MSN.bam_merge_plusUniq.bw,BasalGanglia,sum_three_quarter,0.5,0.5,1.5,128.0,48.0,regression
12,BasalGanglia-Oligodendrocyte_ATAC,BasalGanglia-Oligodendrocyte,132243,ATAC,./Data/source/ATAC_bw/Oligodendrocyte.bw,BasalGanglia,mean,0.5,0.5,80.0,3.2,0.8,regression
13,BasalGanglia-Oligodendrocyte_K27Ac,BasalGanglia-Oligodendrocyte,132243,K27Ac,./Data/source/bamCoverage_bw/Oligodendrocyte.bam_merge_A.bw,BasalGanglia,mean,0.5,0.5,2.0,128.0,32.0,regression
14,BasalGanglia-Oligodendrocyte_K27Me3,BasalGanglia-Oligodendrocyte,132243,K27Me3,./Data/source/bamCoverage_bw/Oligodendrocyte.bam_merge_B.bw,BasalGanglia,mean,0.5,0.5,2.0,128.0,32.0,regression
15,BasalGanglia-Oligodendrocyte_K9Me3,BasalGanglia-Oligodendrocyte,132243,K9Me3,./Data/source/bamCoverage_bw/Oligodendrocyte.bam_merge_C.bw,BasalGanglia,mean,0.5,0.5,5.5,48.0,12.0,regression
16,BasalGanglia-Oligodendrocyte_RNAminus,BasalGanglia-Oligodendrocyte,132243,RNAminus,./Data/source/ENCODE_RNA_bw/Oligodendrocyte.bam_merge_minusUniq.bw,BasalGanglia,sum_three_quarter,0.5,0.5,1.5,128.0,48.0,regression
17,BasalGanglia-Oligodendrocyte_RNAplus,BasalGanglia-Oligodendrocyte,132243,RNAplus,./Data/source/ENCODE_RNA_bw/Oligodendrocyte.bam_merge_plusUniq.bw,BasalGanglia,sum_three_quarter,0.5,0.5,1.5,128.0,48.0,regression
18,BasalGanglia-Astrocyte_ATAC,BasalGanglia-Astrocyte,39185,ATAC,./Data/source/ATAC_bw/Astrocyte.bw,BasalGanglia,mean,0.5,0.5,80.0,3.2,0.8,regression
19,BasalGanglia-Astrocyte_K27Ac,BasalGanglia-Astrocyte,39185,K27Ac,./Data/source/bamCoverage_bw/Astrocyte.bam_merge_A.bw,BasalGanglia,mean,0.5,0.5,2.0,128.0,32.0,regression
20,BasalGanglia-Astrocyte_K27Me3,BasalGanglia-Astrocyte,39185,K27Me3,./Data/source/bamCoverage_bw/Astrocyte.bam_merge_B.bw,BasalGanglia,mean,0.5,0.5,2.0,128.0,32.0,regression
21,BasalGanglia-Astrocyte_K9Me3,BasalGanglia-Astrocyte,39185,K9Me3,./Data/source/bamCoverage_bw/Astrocyte.bam_merge_C.bw,BasalGanglia,mean,0.5,0.5,5.5,48.0,12.0,regression
22,BasalGanglia-Astrocyte_RNAminus,BasalGanglia-Astrocyte,39185,RNAminus,./Data/source/ENCODE_RNA_bw/Astrocyte.bam_merge_minusUniq.bw,BasalGanglia,sum_three_quarter,0.5,0.5,1.5,128.0,48.0,regression
23,BasalGanglia-Astrocyte_RNAplus,BasalGanglia-Astrocyte,39185,RNAplus,./Data/source/ENCODE_RNA_bw/Astrocyte.bam_merge_plusUniq.bw,BasalGanglia,sum_three_quarter,0.5,0.5,1.5,128.0,48.0,regression
24,BasalGanglia-STR-Hybrid-MSN_ATAC,BasalGanglia-STR-Hybrid-MSN,28557,ATAC,./Data/source/ATAC_bw/STR_Hybrid_MSN.bw,BasalGanglia,mean,0.5,0.5,80.0,3.2,0.8,regression
25,BasalGanglia-STR-Hybrid-MSN_K27Ac,BasalGanglia-STR-Hybrid-MSN,28557,K27Ac,./Data/source/bamCoverage_bw/STR_Hybrid_MSN.bam_merge_A.bw,BasalGanglia,mean,0.5,0.5,2.0,128.0,32.0,regression
26,BasalGanglia-STR-Hybrid-MSN_K27Me3,BasalGanglia-STR-Hybrid-MSN,28557,K27Me3,./Data/source/bamCoverage_bw/STR_Hybrid_MSN.bam_merge_B.bw,BasalGanglia,mean,0.5,0.5,2.0,128.0,32.0,regression
27,BasalGanglia-STR-Hybrid-MSN_K9Me3,BasalGanglia-STR-Hybrid-MSN,28557,K9Me3,./Data/source/bamCoverage_bw/STR_Hybrid_MSN.bam_merge_C.bw,BasalGanglia,mean,0.5,0.5,5.5,48.0,12.0,regression
28,BasalGanglia-STR-Hybrid-MSN_RNAminus,BasalGanglia-STR-Hybrid-MSN,28557,RNAminus,./Data/source/ENCODE_RNA_bw/STR_Hybrid_MSN.bam_merge_minusUniq.bw,BasalGanglia,sum_three_quarter,0.5,0.5,1.5,128.0,48.0,regression
29,BasalGanglia-STR-Hybrid-MSN_RNAplus,BasalGanglia-STR-Hybrid-MSN,28557,RNAplus,./Data/source/ENCODE_RNA_bw/STR_Hybrid_MSN.bam_merge_plusUniq.bw,BasalGanglia,sum_three_quarter,0.5,0.5,1.5,128.0,48.0,regression
30,BasalGanglia-Microglia_ATAC,BasalGanglia-Microglia,14738,ATAC,./Data/source/ATAC_bw/Microglia.bw,BasalGanglia,mean,0.5,0.5,80.0,3.2,0.8,regression
31,BasalGanglia-Microglia_K27Ac,BasalGanglia-Microglia,14738,K27Ac,./Data/source/bamCoverage_bw/Microglia.bam_merge_A.bw,BasalGanglia,mean,0.5,0.5,2.0,128.0,32.0,regression
32,BasalGanglia-Microglia_K27Me3,BasalGanglia-Microglia,14738,K27Me3,./Data/source/bamCoverage_bw/Microglia.bam_merge_B.bw,BasalGanglia,mean,0.5,0.5,2.0,128.0,32.0,regression
33,BasalGanglia-Microglia_K9Me3,BasalGanglia-Microglia,14738,K9Me3,./Data/source/bamCoverage_bw/Microglia.bam_merge_C.bw,BasalGanglia,mean,0.5,0.5,5.5,48.0,12.0,regression
34,BasalGanglia-Microglia_RNAminus,BasalGanglia-Microglia,14738,RNAminus,./Data/source/ENCODE_RNA_bw/Microglia.bam_merge_minusUniq.bw,BasalGanglia,sum_three_quarter,0.5,0.5,1.5,128.0,48.0,regression
35,BasalGanglia-Microglia_RNAplus,BasalGanglia-Microglia,14738,RNAplus,./Data/source/ENCODE_RNA_bw/Microglia.bam_merge_plusUniq.bw,BasalGanglia,sum_three_quarter,0.5,0.5,1.5,128.0,48.0,regression
36,BasalGanglia-OPC_ATAC,BasalGanglia-OPC,14452,ATAC,./Data/source/ATAC_bw/OPC.bw,BasalGanglia,mean,0.5,0.5,80.0,3.2,0.8,regression
37,BasalGanglia-OPC_K27Ac,BasalGanglia-OPC,14452,K27Ac,./Data/source/bamCoverage_bw/OPC.bam_merge_A.bw,BasalGanglia,mean,0.5,0.5,2.0,128.0,32.0,regression
38,BasalGanglia-OPC_K27Me3,BasalGanglia-OPC,14452,K27Me3,./Data/source/bamCoverage_bw/OPC.bam_merge_B.bw,BasalGanglia,mean,0.5,0.5,2.0,128.0,32.0,regression
39,BasalGanglia-OPC_K9Me3,BasalGanglia-OPC,14452,K9Me3,./Data/source/bamCoverage_bw/OPC.bam_merge_C.bw,BasalGanglia,mean,0.5,0.5,5.5,48.0,12.0,regression
40,BasalGanglia-OPC_RNAminus,BasalGanglia-OPC,14452,RNAminus,./Data/source/ENCODE_RNA_bw/OPC.bam_merge_minusUniq.bw,BasalGanglia,sum_three_quarter,0.5,0.5,1.5,128.0,48.0,regression
41,BasalGanglia-OPC_RNAplus,BasalGanglia-OPC,14452,RNAplus,./Data/source/ENCODE_RNA_bw/OPC.bam_merge_plusUniq.bw,BasalGanglia,sum_three_quarter,0.5,0.5,1.5,128.0,48.0,regression
42,BasalGanglia-CN-ST18-GABA_ATAC,BasalGanglia-CN-ST18-GABA,12296,ATAC,./Data/source/ATAC_bw/CN_ST18_GABA.bw,BasalGanglia,mean,0.5,0.5,80.0,3.2,0.8,regression
43,BasalGanglia-CN-ST18-GABA_K27Ac,BasalGanglia-CN-ST18-GABA,12296,K27Ac,./Data/source/bamCoverage_bw/CN_ST18_GABA.bam_merge_A.bw,BasalGanglia,mean,0.5,0.5,2.0,128.0,32.0,regression
44,BasalGanglia-CN-ST18-GABA_K27Me3,BasalGanglia-CN-ST18-GABA,12296,K27Me3,./Data/source/bamCoverage_bw/CN_ST18_GABA.bam_merge_B.bw,BasalGanglia,mean,0.5,0.5,2.0,128.0,32.0,regression
45,BasalGanglia-CN-ST18-GABA_K9Me3,BasalGanglia-CN-ST18-GABA,12296,K9Me3,./Data/source/bamCoverage_bw/CN_ST18_GABA.bam_merge_C.bw,BasalGanglia,mean,0.5,0.5,5.5,48.0,12.0,regression
46,BasalGanglia-CN-ST18-GABA_RNAminus,BasalGanglia-CN-ST18-GABA,12296,RNAminus,./Data/source/ENCODE_RNA_bw/CN_ST18_GABA.bam_merge_minusUniq.bw,BasalGanglia,sum_three_quarter,0.5,0.5,1.5,128.0,48.0,regression
47,BasalGanglia-CN-ST18-GABA_RNAplus,BasalGanglia-CN-ST18-GABA,12296,RNAplus,./Data/source/ENCODE_RNA_bw/CN_ST18_GABA.bam_merge_plusUniq.bw,BasalGanglia,sum_three_quarter,0.5,0.5,1.5,128.0,48.0,regression
48,BasalGanglia-F-M-GATA3-GABA_ATAC,BasalGanglia-F-M-GATA3-GABA,6027,ATAC,./Data/source/ATAC_bw/F_M_GATA3_GABA.bw,BasalGanglia,mean,0.5,0.5,80.0,3.2,0.8,regression
49,BasalGanglia-F-M-GATA3-GABA_K27Ac,BasalGanglia-F-M-GATA3-GABA,6027,K27Ac,./Data/source/bamCoverage_bw/F_M_GATA3_GABA.bam_merge_A.bw,BasalGanglia,mean,0.5,0.5,2.0,128.0,32.0,regression
50,BasalGanglia-F-M-GATA3-GABA_K27Me3,BasalGanglia-F-M-GATA3-GABA,6027,K27Me3,./Data/source/bamCoverage_bw/F_M_GATA3_GABA.bam_merge_B.bw,BasalGanglia,mean,0.5,0.5,2.0,128.0,32.0,regression
51,BasalGanglia-F-M-GATA3-GABA_K9Me3,BasalGanglia-F-M-GATA3-GABA,6027,K9Me3,./Data/source/bamCoverage_bw/F_M_GATA3_GABA.bam_merge_C.bw,BasalGanglia,mean,0.5,0.5,5.5,48.0,12.0,regression
52,BasalGanglia-F-M-GATA3-GABA_RNAminus,BasalGanglia-F-M-GATA3-GABA,6027,RNAminus,./Data/source/ENCODE_RNA_bw/F_M_GATA3_GABA.bam_merge_minusUniq.bw,BasalGanglia,sum_three_quarter,0.5,0.5,1.5,128.0,48.0,regression
53,BasalGanglia-F-M-GATA3-GABA_RNAplus,BasalGanglia-F-M-GATA3-GABA,6027,RNAplus,./Data/source/ENCODE_RNA_bw/F_M_GATA3_GABA.bam_merge_plusUniq.bw,BasalGanglia,sum_three_quarter,0.5,0.5,1.5,128.0,48.0,regression
54,BasalGanglia-F-M-Glut_ATAC,BasalGanglia-F-M-Glut,3221,ATAC,./Data/source/ATAC_bw/F_M_Glut.bw,BasalGanglia,mean,0.5,0.5,80.0,3.2,0.8,regression
55,BasalGanglia-F-M-Glut_K27Ac,BasalGanglia-F-M-Glut,3221,K27Ac,./Data/source/bamCoverage_bw/F_M_Glut.bam_merge_A.bw,BasalGanglia,mean,0.5,0.5,2.0,128.0,32.0,regression
56,BasalGanglia-F-M-Glut_K27Me3,BasalGanglia-F-M-Glut,3221,K27Me3,./Data/source/bamCoverage_bw/F_M_Glut.bam_merge_B.bw,BasalGanglia,mean,0.5,0.5,2.0,128.0,32.0,regression
57,BasalGanglia-F-M-Glut_K9Me3,BasalGanglia-F-M-Glut,3221,K9Me3,./Data/source/bamCoverage_bw/F_M_Glut.bam_merge_C.bw,BasalGanglia,mean,0.5,0.5,5.5,48.0,12.0,regression
58,BasalGanglia-F-M-Glut_RNAminus,BasalGanglia-F-M-Glut,3221,RNAminus,./Data/source/ENCODE_RNA_bw/F_M_Glut.bam_merge_minusUniq.bw,BasalGanglia,sum_three_quarter,0.5,0.5,1.5,128.0,48.0,regression
59,BasalGanglia-F-M-Glut_RNAplus,BasalGanglia-F-M-Glut,3221,RNAplus,./Data/source/ENCODE_RNA_bw/F_M_Glut.bam_merge_plusUniq.bw,BasalGanglia,sum_three_quarter,0.5,0.5,1.5,128.0,48.0,regression
60,BasalGanglia-OT-Granular-GABA_ATAC,BasalGanglia-OT-Granular-GABA,2593,ATAC,./Data/source/ATAC_bw/OT_Granular_GABA.bw,BasalGanglia,mean,0.5,0.5,80.0,3.2,0.8,regression
61,BasalGanglia-OT-Granular-GABA_K27Ac,BasalGanglia-OT-Granular-GABA,2593,K27Ac,./Data/source/bamCoverage_bw/OT_Granular_GABA.bam_merge_A.bw,BasalGanglia,mean,0.5,0.5,2.0,128.0,32.0,regression
62,BasalGanglia-OT-Granular-GABA_K27Me3,BasalGanglia-OT-Granular-GABA,2593,K27Me3,./Data/source/bamCoverage_bw/OT_Granular_GABA.bam_merge_B.bw,BasalGanglia,mean,0.5,0.5,2.0,128.0,32.0,regression
63,BasalGanglia-OT-Granular-GABA_K9Me3,BasalGanglia-OT-Granular-GABA,2593,K9Me3,./Data/source/bamCoverage_bw/OT_Granular_GABA.bam_merge_C.bw,BasalGanglia,mean,0.5,0.5,5.5,48.0,12.0,regression
64,BasalGanglia-OT-Granular-GABA_RNAminus,BasalGanglia-OT-Granular-GABA,2593,RNAminus,./Data/source/ENCODE_RNA_bw/OT_Granular_GABA.bam_merge_minusUniq.bw,BasalGanglia,sum_three_quarter,0.5,0.5,1.5,128.0,48.0,regression
65,BasalGanglia-OT-Granular-GABA_RNAplus,BasalGanglia-OT-Granular-GABA,2593,RNAplus,./Data/source/ENCODE_RNA_bw/OT_Granular_GABA.bam_merge_plusUniq.bw,BasalGanglia,sum_three_quarter,0.5,0.5,1.5,128.0,48.0,regression
66,BasalGanglia-F-GABA_ATAC,BasalGanglia-F-GABA,1515,ATAC,./Data/source/ATAC_bw/F_GABA.bw,BasalGanglia,mean,0.5,0.5,80.0,3.2,0.8,regression
67,BasalGanglia-F-GABA_K27Ac,BasalGanglia-F-GABA,1515,K27Ac,./Data/source/bamCoverage_bw/F_GABA.bam_merge_A.bw,BasalGanglia,mean,0.5,0.5,2.0,128.0,32.0,regression
68,BasalGanglia-F-GABA_K27Me3,BasalGanglia-F-GABA,1515,K27Me3,./Data/source/bamCoverage_bw/F_GABA.bam_merge_B.bw,BasalGanglia,mean,0.5,0.5,2.0,128.0,32.0,regression
69,BasalGanglia-F-GABA_K9Me3,BasalGanglia-F-GABA,1515,K9Me3,./Data/source/bamCoverage_bw/F_GABA.bam_merge_C.bw,BasalGanglia,mean,0.5,0.5,5.5,48.0,12.0,regression
70,BasalGanglia-F-GABA_RNAminus,BasalGanglia-F-GABA,1515,RNAminus,./Data/source/ENCODE_RNA_bw/F_GABA.bam_merge_minusUniq.bw,BasalGanglia,sum_three_quarter,0.5,0.5,1.5,128.0,48.0,regression
71,BasalGanglia-F-GABA_RNAplus,BasalGanglia-F-GABA,1515,RNAplus,./Data/source/ENCODE_RNA_bw/F_GABA.bam_merge_plusUniq.bw,BasalGanglia,sum_three_quarter,0.5,0.5,1.5,128.0,48.0,regression
72,BasalGanglia-CN-MEIS2-GABA_ATAC,BasalGanglia-CN-MEIS2-GABA,1331,ATAC,./Data/source/ATAC_bw/CN_MEIS2_GABA.bw,BasalGanglia,mean,0.5,0.5,80.0,3.2,0.8,regression
73,BasalGanglia-CN-MEIS2-GABA_K27Ac,BasalGanglia-CN-MEIS2-GABA,1331,K27Ac,./Data/source/bamCoverage_bw/CN_MEIS2_GABA.bam_merge_A.bw,BasalGanglia,mean,0.5,0.5,2.0,128.0,32.0,regression
74,BasalGanglia-CN-MEIS2-GABA_K27Me3,BasalGanglia-CN-MEIS2-GABA,1331,K27Me3,./Data/source/bamCoverage_bw/CN_MEIS2_GABA.bam_merge_B.bw,BasalGanglia,mean,0.5,0.5,2.0,128.0,32.0,regression
75,BasalGanglia-CN-MEIS2-GABA_K9Me3,BasalGanglia-CN-MEIS2-GABA,1331,K9Me3,./Data/source/bamCoverage_bw/CN_MEIS2_GABA.bam_merge_C.bw,BasalGanglia,mean,0.5,0.5,5.5,48.0,12.0,regression
76,BasalGanglia-CN-MEIS2-GABA_RNAminus,BasalGanglia-CN-MEIS2-GABA,1331,RNAminus,./Data/source/ENCODE_RNA_bw/CN_MEIS2_GABA.bam_merge_minusUniq.bw,BasalGanglia,sum_three_quarter,0.5,0.5,1.5,128.0,48.0,regression
77,BasalGanglia-CN-MEIS2-GABA_RNAplus,BasalGanglia-CN-MEIS2-GABA,1331,RNAplus,./Data/source/ENCODE_RNA_bw/CN_MEIS2_GABA.bam_merge_plusUniq.bw,BasalGanglia,sum_three_quarter,0.5,0.5,1.5,128.0,48.0,regression
78,BasalGanglia-F-Glut_ATAC,BasalGanglia-F-Glut,1217,ATAC,./Data/source/ATAC_bw/F_Glut.bw,BasalGanglia,mean,0.5,0.5,80.0,3.2,0.8,regression
79,BasalGanglia-F-Glut_K27Ac,BasalGanglia-F-Glut,1217,K27Ac,./Data/source/bamCoverage_bw/F_Glut.bam_merge_A.bw,BasalGanglia,mean,0.5,0.5,2.0,128.0,32.0,regression
80,BasalGanglia-F-Glut_K27Me3,BasalGanglia-F-Glut,1217,K27Me3,./Data/source/bamCoverage_bw/F_Glut.bam_merge_B.bw,BasalGanglia,mean,0.5,0.5,2.0,128.0,32.0,regression
81,BasalGanglia-F-Glut_K9Me3,BasalGanglia-F-Glut,1217,K9Me3,./Data/source/bamCoverage_bw/F_Glut.bam_merge_C.bw,BasalGanglia,mean,0.5,0.5,5.5,48.0,12.0,regression
82,BasalGanglia-F-Glut_RNAminus,BasalGanglia-F-Glut,1217,RNAminus,./Data/source/ENCODE_RNA_bw/F_Glut.bam_merge_minusUniq.bw,BasalGanglia,sum_three_quarter,0.5,0.5,1.5,128.0,48.0,regression
83,BasalGanglia-F-Glut_RNAplus,BasalGanglia-F-Glut,1217,RNAplus,./Data/source/ENCODE_RNA_bw/F_Glut.bam_merge_plusUniq.bw,BasalGanglia,sum_three_quarter,0.5,0.5,1.5,128.0,48.0,regression
216,MiniAtlas-OGC_ATAC,MiniAtlas-OGC,72982,ATAC,./Data/source/MiniAtlas_ATAC_bw/OGC_ATAC.bw,MiniAtlas,mean,0.5,0.5,0.375,768.0,256.0,regression
217,MiniAtlas-OGC_K27Ac,MiniAtlas-OGC,72982,K27Ac,./Data/source/MiniAtlas_bamCoverage_bw/OGC_H3K27ac.bw,MiniAtlas,mean,0.5,0.5,2.0,128.0,32.0,regression
218,MiniAtlas-OGC_K27Me3,MiniAtlas-OGC,72982,K27Me3,./Data/source/MiniAtlas_bamCoverage_bw/OGC_H3K27me3.bw,MiniAtlas,mean,0.5,0.5,2.0,128.0,32.0,regression
219,MiniAtlas-OGC_RNAminus,MiniAtlas-OGC,72982,RNAminus,./Data/source/MiniAtlas_ENCODE_RNA_bw/OGC_RNA_RNA_minusUniq.bw,MiniAtlas,sum_three_quarter,0.5,0.5,1.5,128.0,48.0,regression
220,MiniAtlas-OGC_RNAplus,MiniAtlas-OGC,72982,RNAplus,./Data/source/MiniAtlas_ENCODE_RNA_bw/OGC_RNA_RNA_plusUniq.bw,MiniAtlas,sum_three_quarter,0.5,0.5,1.5,128.0,48.0,regression
221,MiniAtlas-URL_ATAC,MiniAtlas-URL,39202,ATAC,./Data/source/MiniAtlas_ATAC_bw/URL_ATAC.bw,MiniAtlas,mean,0.5,0.5,0.375,768.0,256.0,regression
222,MiniAtlas-URL_K27Ac,MiniAtlas-URL,39202,K27Ac,./Data/source/MiniAtlas_bamCoverage_bw/URL_H3K27ac.bw,MiniAtlas,mean,0.5,0.5,2.0,128.0,32.0,regression
223,MiniAtlas-URL_K27Me3,MiniAtlas-URL,39202,K27Me3,./Data/source/MiniAtlas_bamCoverage_bw/URL_H3K27me3.bw,MiniAtlas,mean,0.5,0.5,2.0,128.0,32.0,regression
224,MiniAtlas-URL_RNAminus,MiniAtlas-URL,39202,RNAminus,./Data/source/MiniAtlas_ENCODE_RNA_bw/URL_RNA_RNA_minusUniq.bw,MiniAtlas,sum_three_quarter,0.5,0.5,1.5,128.0,48.0,regression
225,MiniAtlas-URL_RNAplus,MiniAtlas-URL,39202,RNAplus,./Data/source/MiniAtlas_ENCODE_RNA_bw/URL_RNA_RNA_plusUniq.bw,MiniAtlas,sum_three_quarter,0.5,0.5,1.5,128.0,48.0,regression
226,MiniAtlas-L23IT_ATAC,MiniAtlas-L23IT,18441,ATAC,./Data/source/MiniAtlas_ATAC_bw/L23IT_ATAC.bw,MiniAtlas,mean,0.5,0.5,0.375,768.0,256.0,regression
227,MiniAtlas-L23IT_K27Ac,MiniAtlas-L23IT,18441,K27Ac,./Data/source/MiniAtlas_bamCoverage_bw/L23IT_H3K27ac.bw,MiniAtlas,mean,0.5,0.5,2.0,128.0,32.0,regression
228,MiniAtlas-L23IT_K27Me3,MiniAtlas-L23IT,18441,K27Me3,./Data/source/MiniAtlas_bamCoverage_bw/L23IT_H3K27me3.bw,MiniAtlas,mean,0.5,0.5,2.0,128.0,32.0,regression
229,MiniAtlas-L23IT_RNAminus,MiniAtlas-L23IT,18441,RNAminus,./Data/source/MiniAtlas_ENCODE_RNA_bw/L23IT_RNA_RNA_minusUniq.bw,MiniAtlas,sum_three_quarter,0.5,0.5,1.5,128.0,48.0,regression
230,MiniAtlas-L23IT_RNAplus,MiniAtlas-L23IT,18441,RNAplus,./Data/source/MiniAtlas_ENCODE_RNA_bw/L23IT_RNA_RNA_plusUniq.bw,MiniAtlas,sum_three_quarter,0.5,0.5,1.5,128.0,48.0,regression
231,MiniAtlas-L34IT_ATAC,MiniAtlas-L34IT,18121,ATAC,./Data/source/MiniAtlas_ATAC_bw/L34IT_ATAC.bw,MiniAtlas,mean,0.5,0.5,0.375,768.0,256.0,regression
232,MiniAtlas-L34IT_K27Ac,MiniAtlas-L34IT,18121,K27Ac,./Data/source/MiniAtlas_bamCoverage_bw/L34IT_H3K27ac.bw,MiniAtlas,mean,0.5,0.5,2.0,128.0,32.0,regression
233,MiniAtlas-L34IT_K27Me3,MiniAtlas-L34IT,18121,K27Me3,./Data/source/MiniAtlas_bamCoverage_bw/L34IT_H3K27me3.bw,MiniAtlas,mean,0.5,0.5,2.0,128.0,32.0,regression
234,MiniAtlas-L34IT_RNAminus,MiniAtlas-L34IT,18121,RNAminus,./Data/source/MiniAtlas_ENCODE_RNA_bw/L34IT_RNA_RNA_minusUniq.bw,MiniAtlas,sum_three_quarter,0.5,0.5,1.5,128.0,48.0,regression
235,MiniAtlas-L34IT_RNAplus,MiniAtlas-L34IT,18121,RNAplus,./Data/source/MiniAtlas_ENCODE_RNA_bw/L34IT_RNA_RNA_plusUniq.bw,MiniAtlas,sum_three_quarter,0.5,0.5,1.5,128.0,48.0,regression
236,MiniAtlas-AST_ATAC,MiniAtlas-AST,15984,ATAC,./Data/source/MiniAtlas_ATAC_bw/AST_ATAC.bw,MiniAtlas,mean,0.5,0.5,0.375,768.0,256.0,regression
237,MiniAtlas-AST_K27Ac,MiniAtlas-AST,15984,K27Ac,./Data/source/MiniAtlas_bamCoverage_bw/AST_H3K27ac.bw,MiniAtlas,mean,0.5,0.5,2.0,128.0,32.0,regression
238,MiniAtlas-AST_K27Me3,MiniAtlas-AST,15984,K27Me3,./Data/source/MiniAtlas_bamCoverage_bw/AST_H3K27me3.bw,MiniAtlas,mean,0.5,0.5,2.0,128.0,32.0,regression
239,MiniAtlas-AST_RNAminus,MiniAtlas-AST,15984,RNAminus,./Data/source/MiniAtlas_ENCODE_RNA_bw/AST_RNA_RNA_minusUniq.bw,MiniAtlas,sum_three_quarter,0.5,0.5,1.5,128.0,48.0,regression
240,MiniAtlas-AST_RNAplus,MiniAtlas-AST,15984,RNAplus,./Data/source/MiniAtlas_ENCODE_RNA_bw/AST_RNA_RNA_plusUniq.bw,MiniAtlas,sum_three_quarter,0.5,0.5,1.5,128.0,48.0,regression
241,MiniAtlas-L56IT_ATAC,MiniAtlas-L56IT,15846,ATAC,./Data/source/MiniAtlas_ATAC_bw/L56IT_ATAC.bw,MiniAtlas,mean,0.5,0.5,0.375,768.0,256.0,regression
242,MiniAtlas-L56IT_K27Ac,MiniAtlas-L56IT,15846,K27Ac,./Data/source/MiniAtlas_bamCoverage_bw/L56IT_H3K27ac.bw,MiniAtlas,mean,0.5,0.5,2.0,128.0,32.0,regression
243,MiniAtlas-L56IT_K27Me3,MiniAtlas-L56IT,15846,K27Me3,./Data/source/MiniAtlas_bamCoverage_bw/L56IT_H3K27me3.bw,MiniAtlas,mean,0.5,0.5,2.0,128.0,32.0,regression
244,MiniAtlas-L56IT_RNAminus,MiniAtlas-L56IT,15846,RNAminus,./Data/source/MiniAtlas_ENCODE_RNA_bw/L56IT_RNA_RNA_minusUniq.bw,MiniAtlas,sum_three_quarter,0.5,0.5,1.5,128.0,48.0,regression
245,MiniAtlas-L56IT_RNAplus,MiniAtlas-L56IT,15846,RNAplus,./Data/source/MiniAtlas_ENCODE_RNA_bw/L56IT_RNA_RNA_plusUniq.bw,MiniAtlas,sum_three_quarter,0.5,0.5,1.5,128.0,48.0,regression
246,MiniAtlas-OPC_ATAC,MiniAtlas-OPC,15714,ATAC,./Data/source/MiniAtlas_ATAC_bw/OPC_ATAC.bw,MiniAtlas,mean,0.5,0.5,0.375,768.0,256.0,regression
247,MiniAtlas-OPC_K27Ac,MiniAtlas-OPC,15714,K27Ac,./Data/source/MiniAtlas_bamCoverage_bw/OPC_H3K27ac.bw,MiniAtlas,mean,0.5,0.5,2.0,128.0,32.0,regression
248,MiniAtlas-OPC_K27Me3,MiniAtlas-OPC,15714,K27Me3,./Data/source/MiniAtlas_bamCoverage_bw/OPC_H3K27me3.bw,MiniAtlas,mean,0.5,0.5,2.0,128.0,32.0,regression
249,MiniAtlas-OPC_RNAminus,MiniAtlas-OPC,15714,RNAminus,./Data/source/MiniAtlas_ENCODE_RNA_bw/OPC_RNA_RNA_minusUniq.bw,MiniAtlas,sum_three_quarter,0.5,0.5,1.5,128.0,48.0,regression
250,MiniAtlas-OPC_RNAplus,MiniAtlas-OPC,15714,RNAplus,./Data/source/MiniAtlas_ENCODE_RNA_bw/OPC_RNA_RNA_plusUniq.bw,MiniAtlas,sum_three_quarter,0.5,0.5,1.5,128.0,48.0,regression
251,MiniAtlas-L45IT_ATAC,MiniAtlas-L45IT,12276,ATAC,./Data/source/MiniAtlas_ATAC_bw/L45IT_ATAC.bw,MiniAtlas,mean,0.5,0.5,0.375,768.0,256.0,regression
252,MiniAtlas-L45IT_K27Ac,MiniAtlas-L45IT,12276,K27Ac,./Data/source/MiniAtlas_bamCoverage_bw/L45IT_H3K27ac.bw,MiniAtlas,mean,0.5,0.5,2.0,128.0,32.0,regression
253,MiniAtlas-L45IT_K27Me3,MiniAtlas-L45IT,12276,K27Me3,./Data/source/MiniAtlas_bamCoverage_bw/L45IT_H3K27me3.bw,MiniAtlas,mean,0.5,0.5,2.0,128.0,32.0,regression
254,MiniAtlas-L45IT_RNAminus,MiniAtlas-L45IT,12276,RNAminus,./Data/source/MiniAtlas_ENCODE_RNA_bw/L45IT_RNA_RNA_minusUniq.bw,MiniAtlas,sum_three_quarter,0.5,0.5,1.5,128.0,48.0,regression
255,MiniAtlas-L45IT_RNAplus,MiniAtlas-L45IT,12276,RNAplus,./Data/source/MiniAtlas_ENCODE_RNA_bw/L45IT_RNA_RNA_plusUniq.bw,MiniAtlas,sum_three_quarter,0.5,0.5,1.5,128.0,48.0,regression
256,MiniAtlas-L2IT_ATAC,MiniAtlas-L2IT,12148,ATAC,./Data/source/MiniAtlas_ATAC_bw/L2IT_ATAC.bw,MiniAtlas,mean,0.5,0.5,0.375,768.0,256.0,regression
257,MiniAtlas-L2IT_K27Ac,MiniAtlas-L2IT,12148,K27Ac,./Data/source/MiniAtlas_bamCoverage_bw/L2IT_H3K27ac.bw,MiniAtlas,mean,0.5,0.5,2.0,128.0,32.0,regression
258,MiniAtlas-L2IT_K27Me3,MiniAtlas-L2IT,12148,K27Me3,./Data/source/MiniAtlas_bamCoverage_bw/L2IT_H3K27me3.bw,MiniAtlas,mean,0.5,0.5,2.0,128.0,32.0,regression
259,MiniAtlas-L2IT_RNAminus,MiniAtlas-L2IT,12148,RNAminus,./Data/source/MiniAtlas_ENCODE_RNA_bw/L2IT_RNA_RNA_minusUniq.bw,MiniAtlas,sum_three_quarter,0.5,0.5,1.5,128.0,48.0,regression
260,MiniAtlas-L2IT_RNAplus,MiniAtlas-L2IT,12148,RNAplus,./Data/source/MiniAtlas_ENCODE_RNA_bw/L2IT_RNA_RNA_plusUniq.bw,MiniAtlas,sum_three_quarter,0.5,0.5,1.5,128.0,48.0,regression
261,MiniAtlas-PVALB_ATAC,MiniAtlas-PVALB,11816,ATAC,./Data/source/MiniAtlas_ATAC_bw/PVALB_ATAC.bw,MiniAtlas,mean,0.5,0.5,0.375,768.0,256.0,regression
262,MiniAtlas-PVALB_K27Ac,MiniAtlas-PVALB,11816,K27Ac,./Data/source/MiniAtlas_bamCoverage_bw/PVALB_H3K27ac.bw,MiniAtlas,mean,0.5,0.5,2.0,128.0,32.0,regression
263,MiniAtlas-PVALB_K27Me3,MiniAtlas-PVALB,11816,K27Me3,./Data/source/MiniAtlas_bamCoverage_bw/PVALB_H3K27me3.bw,MiniAtlas,mean,0.5,0.5,2.0,128.0,32.0,regression
264,MiniAtlas-PVALB_RNAminus,MiniAtlas-PVALB,11816,RNAminus,./Data/source/MiniAtlas_ENCODE_RNA_bw/PVALB_RNA_RNA_minusUniq.bw,MiniAtlas,sum_three_quarter,0.5,0.5,1.5,128.0,48.0,regression
265,MiniAtlas-PVALB_RNAplus,MiniAtlas-PVALB,11816,RNAplus,./Data/source/MiniAtlas_ENCODE_RNA_bw/PVALB_RNA_RNA_plusUniq.bw,MiniAtlas,sum_three_quarter,0.5,0.5,1.5,128.0,48.0,regression
266,MiniAtlas-L6IT-1_ATAC,MiniAtlas-L6IT-1,11303,ATAC,./Data/source/MiniAtlas_ATAC_bw/L6IT-1_ATAC.bw,MiniAtlas,mean,0.5,0.5,0.375,768.0,256.0,regression
267,MiniAtlas-L6IT-1_K27Ac,MiniAtlas-L6IT-1,11303,K27Ac,./Data/source/MiniAtlas_bamCoverage_bw/L6IT-1_H3K27ac.bw,MiniAtlas,mean,0.5,0.5,2.0,128.0,32.0,regression
268,MiniAtlas-L6IT-1_K27Me3,MiniAtlas-L6IT-1,11303,K27Me3,./Data/source/MiniAtlas_bamCoverage_bw/L6IT-1_H3K27me3.bw,MiniAtlas,mean,0.5,0.5,2.0,128.0,32.0,regression
269,MiniAtlas-L6IT-1_RNAminus,MiniAtlas-L6IT-1,11303,RNAminus,./Data/source/MiniAtlas_ENCODE_RNA_bw/L6IT-1_RNA_RNA_minusUniq.bw,MiniAtlas,sum_three_quarter,0.5,0.5,1.5,128.0,48.0,regression
270,MiniAtlas-L6IT-1_RNAplus,MiniAtlas-L6IT-1,11303,RNAplus,./Data/source/MiniAtlas_ENCODE_RNA_bw/L6IT-1_RNA_RNA_plusUniq.bw,MiniAtlas,sum_three_quarter,0.5,0.5,1.5,128.0,48.0,regression
271,MiniAtlas-VIP_ATAC,MiniAtlas-VIP,8140,ATAC,./Data/source/MiniAtlas_ATAC_bw/VIP_ATAC.bw,MiniAtlas,mean,0.5,0.5,0.375,768.0,256.0,regression
272,MiniAtlas-VIP_K27Ac,MiniAtlas-VIP,8140,K27Ac,./Data/source/MiniAtlas_bamCoverage_bw/VIP_H3K27ac.bw,MiniAtlas,mean,0.5,0.5,2.0,128.0,32.0,regression
273,MiniAtlas-VIP_K27Me3,MiniAtlas-VIP,8140,K27Me3,./Data/source/MiniAtlas_bamCoverage_bw/VIP_H3K27me3.bw,MiniAtlas,mean,0.5,0.5,2.0,128.0,32.0,regression
274,MiniAtlas-VIP_RNAminus,MiniAtlas-VIP,8140,RNAminus,./Data/source/MiniAtlas_ENCODE_RNA_bw/VIP_RNA_RNA_minusUniq.bw,MiniAtlas,sum_three_quarter,0.5,0.5,1.5,128.0,48.0,regression
275,MiniAtlas-VIP_RNAplus,MiniAtlas-VIP,8140,RNAplus,./Data/source/MiniAtlas_ENCODE_RNA_bw/VIP_RNA_RNA_plusUniq.bw,MiniAtlas,sum_three_quarter,0.5,0.5,1.5,128.0,48.0,regression
276,MiniAtlas-L35IT_ATAC,MiniAtlas-L35IT,7791,ATAC,./Data/source/MiniAtlas_ATAC_bw/L35IT_ATAC.bw,MiniAtlas,mean,0.5,0.5,0.375,768.0,256.0,regression
277,MiniAtlas-L35IT_K27Ac,MiniAtlas-L35IT,7791,K27Ac,./Data/source/MiniAtlas_bamCoverage_bw/L35IT_H3K27ac.bw,MiniAtlas,mean,0.5,0.5,2.0,128.0,32.0,regression
278,MiniAtlas-L35IT_K27Me3,MiniAtlas-L35IT,7791,K27Me3,./Data/source/MiniAtlas_bamCoverage_bw/L35IT_H3K27me3.bw,MiniAtlas,mean,0.5,0.5,2.0,128.0,32.0,regression
279,MiniAtlas-L35IT_RNAminus,MiniAtlas-L35IT,7791,RNAminus,./Data/source/MiniAtlas_ENCODE_RNA_bw/L35IT_RNA_RNA_minusUniq.bw,MiniAtlas,sum_three_quarter,0.5,0.5,1.5,128.0,48.0,regression
280,MiniAtlas-L35IT_RNAplus,MiniAtlas-L35IT,7791,RNAplus,./Data/source/MiniAtlas_ENCODE_RNA_bw/L35IT_RNA_RNA_plusUniq.bw,MiniAtlas,sum_three_quarter,0.5,0.5,1.5,128.0,48.0,regression
281,MiniAtlas-L6CT_ATAC,MiniAtlas-L6CT,7299,ATAC,./Data/source/MiniAtlas_ATAC_bw/L6CT_ATAC.bw,MiniAtlas,mean,0.5,0.5,0.375,768.0,256.0,regression
282,MiniAtlas-L6CT_K27Ac,MiniAtlas-L6CT,7299,K27Ac,./Data/source/MiniAtlas_bamCoverage_bw/L6CT_H3K27ac.bw,MiniAtlas,mean,0.5,0.5,2.0,128.0,32.0,regression
283,MiniAtlas-L6CT_K27Me3,MiniAtlas-L6CT,7299,K27Me3,./Data/source/MiniAtlas_bamCoverage_bw/L6CT_H3K27me3.bw,MiniAtlas,mean,0.5,0.5,2.0,128.0,32.0,regression
284,MiniAtlas-L6CT_RNAminus,MiniAtlas-L6CT,7299,RNAminus,./Data/source/MiniAtlas_ENCODE_RNA_bw/L6CT_RNA_RNA_minusUniq.bw,MiniAtlas,sum_three_quarter,0.5,0.5,1.5,128.0,48.0,regression
285,MiniAtlas-L6CT_RNAplus,MiniAtlas-L6CT,7299,RNAplus,./Data/source/MiniAtlas_ENCODE_RNA_bw/L6CT_RNA_RNA_plusUniq.bw,MiniAtlas,sum_three_quarter,0.5,0.5,1.5,128.0,48.0,regression
286,MiniAtlas-L6B_ATAC,MiniAtlas-L6B,5779,ATAC,./Data/source/MiniAtlas_ATAC_bw/L6B_ATAC.bw,MiniAtlas,mean,0.5,0.5,0.375,768.0,256.0,regression
287,MiniAtlas-L6B_K27Ac,MiniAtlas-L6B,5779,K27Ac,./Data/source/MiniAtlas_bamCoverage_bw/L6B_H3K27ac.bw,MiniAtlas,mean,0.5,0.5,2.0,128.0,32.0,regression
288,MiniAtlas-L6B_K27Me3,MiniAtlas-L6B,5779,K27Me3,./Data/source/MiniAtlas_bamCoverage_bw/L6B_H3K27me3.bw,MiniAtlas,mean,0.5,0.5,2.0,128.0,32.0,regression
289,MiniAtlas-L6B_RNAminus,MiniAtlas-L6B,5779,RNAminus,./Data/source/MiniAtlas_ENCODE_RNA_bw/L6B_RNA_RNA_minusUniq.bw,MiniAtlas,sum_three_quarter,0.5,0.5,1.5,128.0,48.0,regression
290,MiniAtlas-L6B_RNAplus,MiniAtlas-L6B,5779,RNAplus,./Data/source/MiniAtlas_ENCODE_RNA_bw/L6B_RNA_RNA_plusUniq.bw,MiniAtlas,sum_three_quarter,0.5,0.5,1.5,128.0,48.0,regression
291,MiniAtlas-L6IT-2_ATAC,MiniAtlas-L6IT-2,4705,ATAC,./Data/source/MiniAtlas_ATAC_bw/L6IT-2_ATAC.bw,MiniAtlas,mean,0.5,0.5,0.375,768.0,256.0,regression
292,MiniAtlas-L6IT-2_K27Ac,MiniAtlas-L6IT-2,4705,K27Ac,./Data/source/MiniAtlas_bamCoverage_bw/L6IT-2_H3K27ac.bw,MiniAtlas,mean,0.5,0.5,2.0,128.0,32.0,regression
293,MiniAtlas-L6IT-2_K27Me3,MiniAtlas-L6IT-2,4705,K27Me3,./Data/source/MiniAtlas_bamCoverage_bw/L6IT-2_H3K27me3.bw,MiniAtlas,mean,0.5,0.5,2.0,128.0,32.0,regression
294,MiniAtlas-L6IT-2_RNAminus,MiniAtlas-L6IT-2,4705,RNAminus,./Data/source/MiniAtlas_ENCODE_RNA_bw/L6IT-2_RNA_RNA_minusUniq.bw,MiniAtlas,sum_three_quarter,0.5,0.5,1.5,128.0,48.0,regression
295,MiniAtlas-L6IT-2_RNAplus,MiniAtlas-L6IT-2,4705,RNAplus,./Data/source/MiniAtlas_ENCODE_RNA_bw/L6IT-2_RNA_RNA_plusUniq.bw,MiniAtlas,sum_three_quarter,0.5,0.5,1.5,128.0,48.0,regression
296,MiniAtlas-MGC_ATAC,MiniAtlas-MGC,4367,ATAC,./Data/source/MiniAtlas_ATAC_bw/MGC_ATAC.bw,MiniAtlas,mean,0.5,0.5,0.375,768.0,256.0,regression
297,MiniAtlas-MGC_K27Ac,MiniAtlas-MGC,4367,K27Ac,./Data/source/MiniAtlas_bamCoverage_bw/MGC_H3K27ac.bw,MiniAtlas,mean,0.5,0.5,2.0,128.0,32.0,regression
298,MiniAtlas-MGC_K27Me3,MiniAtlas-MGC,4367,K27Me3,./Data/source/MiniAtlas_bamCoverage_bw/MGC_H3K27me3.bw,MiniAtlas,mean,0.5,0.5,2.0,128.0,32.0,regression
299,MiniAtlas-MGC_RNAminus,MiniAtlas-MGC,4367,RNAminus,./Data/source/MiniAtlas_ENCODE_RNA_bw/MGC_RNA_RNA_minusUniq.bw,MiniAtlas,sum_three_quarter,0.5,0.5,1.5,128.0,48.0,regression
300,MiniAtlas-MGC_RNAplus,MiniAtlas-MGC,4367,RNAplus,./Data/source/MiniAtlas_ENCODE_RNA_bw/MGC_RNA_RNA_plusUniq.bw,MiniAtlas,sum_three_quarter,0.5,0.5,1.5,128.0,48.0,regression
301,MiniAtlas-L5IT_ATAC,MiniAtlas-L5IT,3903,ATAC,./Data/source/MiniAtlas_ATAC_bw/L5IT_ATAC.bw,MiniAtlas,mean,0.5,0.5,0.375,768.0,256.0,regression
302,MiniAtlas-L5IT_K27Ac,MiniAtlas-L5IT,3903,K27Ac,./Data/source/MiniAtlas_bamCoverage_bw/L5IT_H3K27ac.bw,MiniAtlas,mean,0.5,0.5,2.0,128.0,32.0,regression
303,MiniAtlas-L5IT_K27Me3,MiniAtlas-L5IT,3903,K27Me3,./Data/source/MiniAtlas_bamCoverage_bw/L5IT_H3K27me3.bw,MiniAtlas,mean,0.5,0.5,2.0,128.0,32.0,regression
304,MiniAtlas-L5IT_RNAminus,MiniAtlas-L5IT,3903,RNAminus,./Data/source/MiniAtlas_ENCODE_RNA_bw/L5IT_RNA_RNA_minusUniq.bw,MiniAtlas,sum_three_quarter,0.5,0.5,1.5,128.0,48.0,regression
305,MiniAtlas-L5IT_RNAplus,MiniAtlas-L5IT,3903,RNAplus,./Data/source/MiniAtlas_ENCODE_RNA_bw/L5IT_RNA_RNA_plusUniq.bw,MiniAtlas,sum_three_quarter,0.5,0.5,1.5,128.0,48.0,regression
306,MiniAtlas-CBGA_ATAC,MiniAtlas-CBGA,3354,ATAC,./Data/source/MiniAtlas_ATAC_bw/CBGA_ATAC.bw,MiniAtlas,mean,0.5,0.5,0.375,768.0,256.0,regression
307,MiniAtlas-CBGA_K27Ac,MiniAtlas-CBGA,3354,K27Ac,./Data/source/MiniAtlas_bamCoverage_bw/CBGA_H3K27ac.bw,MiniAtlas,mean,0.5,0.5,2.0,128.0,32.0,regression
308,MiniAtlas-CBGA_K27Me3,MiniAtlas-CBGA,3354,K27Me3,./Data/source/MiniAtlas_bamCoverage_bw/CBGA_H3K27me3.bw,MiniAtlas,mean,0.5,0.5,2.0,128.0,32.0,regression
309,MiniAtlas-CBGA_RNAminus,MiniAtlas-CBGA,3354,RNAminus,./Data/source/MiniAtlas_ENCODE_RNA_bw/CBGA_RNA_RNA_minusUniq.bw,MiniAtlas,sum_three_quarter,0.5,0.5,1.5,128.0,48.0,regression
310,MiniAtlas-CBGA_RNAplus,MiniAtlas-CBGA,3354,RNAplus,./Data/source/MiniAtlas_ENCODE_RNA_bw/CBGA_RNA_RNA_plusUniq.bw,MiniAtlas,sum_three_quarter,0.5,0.5,1.5,128.0,48.0,regression
311,MiniAtlas-L56NP_ATAC,MiniAtlas-L56NP,2811,ATAC,./Data/source/MiniAtlas_ATAC_bw/L56NP_ATAC.bw,MiniAtlas,mean,0.5,0.5,0.375,768.0,256.0,regression
312,MiniAtlas-L56NP_K27Ac,MiniAtlas-L56NP,2811,K27Ac,./Data/source/MiniAtlas_bamCoverage_bw/L56NP_H3K27ac.bw,MiniAtlas,mean,0.5,0.5,2.0,128.0,32.0,regression
313,MiniAtlas-L56NP_K27Me3,MiniAtlas-L56NP,2811,K27Me3,./Data/source/MiniAtlas_bamCoverage_bw/L56NP_H3K27me3.bw,MiniAtlas,mean,0.5,0.5,2.0,128.0,32.0,regression
314,MiniAtlas-L56NP_RNAminus,MiniAtlas-L56NP,2811,RNAminus,./Data/source/MiniAtlas_ENCODE_RNA_bw/L56NP_RNA_RNA_minusUniq.bw,MiniAtlas,sum_three_quarter,0.5,0.5,1.5,128.0,48.0,regression
315,MiniAtlas-L56NP_RNAplus,MiniAtlas-L56NP,2811,RNAplus,./Data/source/MiniAtlas_ENCODE_RNA_bw/L56NP_RNA_RNA_plusUniq.bw,MiniAtlas,sum_three_quarter,0.5,0.5,1.5,128.0,48.0,regression
316,MiniAtlas-L4IT_ATAC,MiniAtlas-L4IT,2665,ATAC,./Data/source/MiniAtlas_ATAC_bw/L4IT_ATAC.bw,MiniAtlas,mean,0.5,0.5,0.375,768.0,256.0,regression
317,MiniAtlas-L4IT_K27Ac,MiniAtlas-L4IT,2665,K27Ac,./Data/source/MiniAtlas_bamCoverage_bw/L4IT_H3K27ac.bw,MiniAtlas,mean,0.5,0.5,2.0,128.0,32.0,regression
318,MiniAtlas-L4IT_K27Me3,MiniAtlas-L4IT,2665,K27Me3,./Data/source/MiniAtlas_bamCoverage_bw/L4IT_H3K27me3.bw,MiniAtlas,mean,0.5,0.5,2.0,128.0,32.0,regression
319,MiniAtlas-L4IT_RNAminus,MiniAtlas-L4IT,2665,RNAminus,./Data/source/MiniAtlas_ENCODE_RNA_bw/L4IT_RNA_RNA_minusUniq.bw,MiniAtlas,sum_three_quarter,0.5,0.5,1.5,128.0,48.0,regression
320,MiniAtlas-L4IT_RNAplus,MiniAtlas-L4IT,2665,RNAplus,./Data/source/MiniAtlas_ENCODE_RNA_bw/L4IT_RNA_RNA_plusUniq.bw,MiniAtlas,sum_three_quarter,0.5,0.5,1.5,128.0,48.0,regression
321,MiniAtlas-ACBGM_ATAC,MiniAtlas-ACBGM,1952,ATAC,./Data/source/MiniAtlas_ATAC_bw/ACBGM_ATAC.bw,MiniAtlas,mean,0.5,0.5,0.375,768.0,256.0,regression
322,MiniAtlas-ACBGM_K27Ac,MiniAtlas-ACBGM,1952,K27Ac,./Data/source/MiniAtlas_bamCoverage_bw/ACBGM_H3K27ac.bw,MiniAtlas,mean,0.5,0.5,2.0,128.0,32.0,regression
323,MiniAtlas-ACBGM_K27Me3,MiniAtlas-ACBGM,1952,K27Me3,./Data/source/MiniAtlas_bamCoverage_bw/ACBGM_H3K27me3.bw,MiniAtlas,mean,0.5,0.5,2.0,128.0,32.0,regression
324,MiniAtlas-ACBGM_RNAminus,MiniAtlas-ACBGM,1952,RNAminus,./Data/source/MiniAtlas_ENCODE_RNA_bw/ACBGM_RNA_RNA_minusUniq.bw,MiniAtlas,sum_three_quarter,0.5,0.5,1.5,128.0,48.0,regression
325,MiniAtlas-ACBGM_RNAplus,MiniAtlas-ACBGM,1952,RNAplus,./Data/source/MiniAtlas_ENCODE_RNA_bw/ACBGM_RNA_RNA_plusUniq.bw,MiniAtlas,sum_three_quarter,0.5,0.5,1.5,128.0,48.0,regression
326,MiniAtlas-PV-CHC_ATAC,MiniAtlas-PV-CHC,1468,ATAC,./Data/source/MiniAtlas_ATAC_bw/PV-CHC_ATAC.bw,MiniAtlas,mean,0.5,0.5,0.375,768.0,256.0,regression
327,MiniAtlas-PV-CHC_K27Ac,MiniAtlas-PV-CHC,1468,K27Ac,./Data/source/MiniAtlas_bamCoverage_bw/PV-CHC_H3K27ac.bw,MiniAtlas,mean,0.5,0.5,2.0,128.0,32.0,regression
328,MiniAtlas-PV-CHC_K27Me3,MiniAtlas-PV-CHC,1468,K27Me3,./Data/source/MiniAtlas_bamCoverage_bw/PV-CHC_H3K27me3.bw,MiniAtlas,mean,0.5,0.5,2.0,128.0,32.0,regression
329,MiniAtlas-PV-CHC_RNAminus,MiniAtlas-PV-CHC,1468,RNAminus,./Data/source/MiniAtlas_ENCODE_RNA_bw/PV-CHC_RNA_RNA_minusUniq.bw,MiniAtlas,sum_three_quarter,0.5,0.5,1.5,128.0,48.0,regression
330,MiniAtlas-PV-CHC_RNAplus,MiniAtlas-PV-CHC,1468,RNAplus,./Data/source/MiniAtlas_ENCODE_RNA_bw/PV-CHC_RNA_RNA_plusUniq.bw,MiniAtlas,sum_three_quarter,0.5,0.5,1.5,128.0,48.0,regression
