dim,cell_type,modality,trial,task,file,sum_stat,baseline_pct,umap_pct,scale,clip,clip_soft,label_dim
0,BasalGanglia-Astrocyte,ATAC,BasalGanglia-Astrocyte_ATAC,regression,./Data/basal_ganglia_miniatlas_drop_celltype_v1/labels/regression_BasalGanglia-Astrocyte_ATAC.h5,mean,0.5,0.5,80.0,3.2,0.8,0
1,BasalGanglia-Astrocyte,K27Ac,BasalGanglia-Astrocyte_K27Ac,regression,./Data/basal_ganglia_miniatlas_drop_celltype_v1/labels/regression_BasalGanglia-Astrocyte_K27Ac.h5,mean,0.5,0.5,2.0,128.0,32.0,1
2,BasalGanglia-Astrocyte,K27Me3,BasalGanglia-Astrocyte_K27Me3,regression,./Data/basal_ganglia_miniatlas_drop_celltype_v1/labels/regression_BasalGanglia-Astrocyte_K27Me3.h5,mean,0.5,0.5,2.0,128.0,32.0,2
3,BasalGanglia-Astrocyte,K9Me3,BasalGanglia-Astrocyte_K9Me3,regression,./Data/basal_ganglia_miniatlas_drop_celltype_v1/labels/regression_BasalGanglia-Astrocyte_K9Me3.h5,mean,0.5,0.5,5.5,48.0,12.0,3
4,BasalGanglia-Astrocyte,RNAminus,BasalGanglia-Astrocyte_RNAminus,regression,./Data/basal_ganglia_miniatlas_drop_celltype_v1/labels/regression_BasalGanglia-Astrocyte_RNAminus.h5,sum_three_quarter,0.5,0.5,1.5,128.0,48.0,4
5,BasalGanglia-Astrocyte,RNAplus,BasalGanglia-Astrocyte_RNAplus,regression,./Data/basal_ganglia_miniatlas_drop_celltype_v1/labels/regression_BasalGanglia-Astrocyte_RNAplus.h5,sum_three_quarter,0.5,0.5,1.5,128.0,48.0,5
6,BasalGanglia-CN-MEIS2-GABA,ATAC,BasalGanglia-CN-MEIS2-GABA_ATAC,regression,./Data/basal_ganglia_miniatlas_drop_celltype_v1/labels/regression_BasalGanglia-CN-MEIS2-GABA_ATAC.h5,mean,0.5,0.5,80.0,3.2,0.8,6
7,BasalGanglia-CN-MEIS2-GABA,K27Ac,BasalGanglia-CN-MEIS2-GABA_K27Ac,regression,./Data/basal_ganglia_miniatlas_drop_celltype_v1/labels/regression_BasalGanglia-CN-MEIS2-GABA_K27Ac.h5,mean,0.5,0.5,2.0,128.0,32.0,7
8,BasalGanglia-CN-MEIS2-GABA,K27Me3,BasalGanglia-CN-MEIS2-GABA_K27Me3,regression,./Data/basal_ganglia_miniatlas_drop_celltype_v1/labels/regression_BasalGanglia-CN-MEIS2-GABA_K27Me3.h5,mean,0.5,0.5,2.0,128.0,32.0,8
9,BasalGanglia-CN-MEIS2-GABA,K9Me3,BasalGanglia-CN-MEIS2-GABA_K9Me3,regression,./Data/basal_ganglia_miniatlas_drop_celltype_v1/labels/regression_BasalGanglia-CN-MEIS2-GABA_K9Me3.h5,mean,0.5,0.5,5.5,48.0,12.0,9
10,BasalGanglia-CN-MEIS2-GABA,RNAminus,BasalGanglia-CN-MEIS2-GABA_RNAminus,regression,./Data/basal_ganglia_miniatlas_drop_celltype_v1/labels/regression_BasalGanglia-CN-MEIS2-GABA_RNAminus.h5,sum_three_quarter,0.5,0.5,1.5,128.0,48.0,10
11,BasalGanglia-CN-MEIS2-GABA,RNAplus,BasalGanglia-CN-MEIS2-GABA_RNAplus,regression,./Data/basal_ganglia_miniatlas_drop_celltype_v1/labels/regression_BasalGanglia-CN-MEIS2-GABA_RNAplus.h5,sum_three_quarter,0.5,0.5,1.5,128.0,48.0,11
12,BasalGanglia-CN-ST18-GABA,ATAC,BasalGanglia-CN-ST18-GABA_ATAC,regression,./Data/basal_ganglia_miniatlas_drop_celltype_v1/labels/regression_BasalGanglia-CN-ST18-GABA_ATAC.h5,mean,0.5,0.5,80.0,3.2,0.8,12
13,BasalGanglia-CN-ST18-GABA,K27Ac,BasalGanglia-CN-ST18-GABA_K27Ac,regression,./Data/basal_ganglia_miniatlas_drop_celltype_v1/labels/regression_BasalGanglia-CN-ST18-GABA_K27Ac.h5,mean,0.5,0.5,2.0,128.0,32.0,13
14,BasalGanglia-CN-ST18-GABA,K27Me3,BasalGanglia-CN-ST18-GABA_K27Me3,regression,./Data/basal_ganglia_miniatlas_drop_celltype_v1/labels/regression_BasalGanglia-CN-ST18-GABA_K27Me3.h5,mean,0.5,0.5,2.0,128.0,32.0,14
15,BasalGanglia-CN-ST18-GABA,K9Me3,BasalGanglia-CN-ST18-GABA_K9Me3,regression,./Data/basal_ganglia_miniatlas_drop_celltype_v1/labels/regression_BasalGanglia-CN-ST18-GABA_K9Me3.h5,mean,0.5,0.5,5.5,48.0,12.0,15
16,BasalGanglia-CN-ST18-GABA,RNAminus,BasalGanglia-CN-ST18-GABA_RNAminus,regression,./Data/basal_ganglia_miniatlas_drop_celltype_v1/labels/regression_BasalGanglia-CN-ST18-GABA_RNAminus.h5,sum_three_quarter,0.5,0.5,1.5,128.0,48.0,16
17,BasalGanglia-CN-ST18-GABA,RNAplus,BasalGanglia-CN-ST18-GABA_RNAplus,regression,./Data/basal_ganglia_miniatlas_drop_celltype_v1/labels/regression_BasalGanglia-CN-ST18-GABA_RNAplus.h5,sum_three_quarter,0.5,0.5,1.5,128.0,48.0,17
18,BasalGanglia-F-GABA,ATAC,BasalGanglia-F-GABA_ATAC,regression,./Data/basal_ganglia_miniatlas_drop_celltype_v1/labels/regression_BasalGanglia-F-GABA_ATAC.h5,mean,0.5,0.5,80.0,3.2,0.8,18
19,BasalGanglia-F-GABA,K27Ac,BasalGanglia-F-GABA_K27Ac,regression,./Data/basal_ganglia_miniatlas_drop_celltype_v1/labels/regression_BasalGanglia-F-GABA_K27Ac.h5,mean,0.5,0.5,2.0,128.0,32.0,19
20,BasalGanglia-F-GABA,K27Me3,BasalGanglia-F-GABA_K27Me3,regression,./Data/basal_ganglia_miniatlas_drop_celltype_v1/labels/regression_BasalGanglia-F-GABA_K27Me3.h5,mean,0.5,0.5,2.0,128.0,32.0,20
21,BasalGanglia-F-GABA,K9Me3,BasalGanglia-F-GABA_K9Me3,regression,./Data/basal_ganglia_miniatlas_drop_celltype_v1/labels/regression_BasalGanglia-F-GABA_K9Me3.h5,mean,0.5,0.5,5.5,48.0,12.0,21
22,BasalGanglia-F-GABA,RNAminus,BasalGanglia-F-GABA_RNAminus,regression,./Data/basal_ganglia_miniatlas_drop_celltype_v1/labels/regression_BasalGanglia-F-GABA_RNAminus.h5,sum_three_quarter,0.5,0.5,1.5,128.0,48.0,22
23,BasalGanglia-F-GABA,RNAplus,BasalGanglia-F-GABA_RNAplus,regression,./Data/basal_ganglia_miniatlas_drop_celltype_v1/labels/regression_BasalGanglia-F-GABA_RNAplus.h5,sum_three_quarter,0.5,0.5,1.5,128.0,48.0,23
24,BasalGanglia-F-Glut,ATAC,BasalGanglia-F-Glut_ATAC,regression,./Data/basal_ganglia_miniatlas_drop_celltype_v1/labels/regression_BasalGanglia-F-Glut_ATAC.h5,mean,0.5,0.5,80.0,3.2,0.8,24
25,BasalGanglia-F-Glut,K27Ac,BasalGanglia-F-Glut_K27Ac,regression,./Data/basal_ganglia_miniatlas_drop_celltype_v1/labels/regression_BasalGanglia-F-Glut_K27Ac.h5,mean,0.5,0.5,2.0,128.0,32.0,25
26,BasalGanglia-F-Glut,K27Me3,BasalGanglia-F-Glut_K27Me3,regression,./Data/basal_ganglia_miniatlas_drop_celltype_v1/labels/regression_BasalGanglia-F-Glut_K27Me3.h5,mean,0.5,0.5,2.0,128.0,32.0,26
27,BasalGanglia-F-Glut,K9Me3,BasalGanglia-F-Glut_K9Me3,regression,./Data/basal_ganglia_miniatlas_drop_celltype_v1/labels/regression_BasalGanglia-F-Glut_K9Me3.h5,mean,0.5,0.5,5.5,48.0,12.0,27
28,BasalGanglia-F-Glut,RNAminus,BasalGanglia-F-Glut_RNAminus,regression,./Data/basal_ganglia_miniatlas_drop_celltype_v1/labels/regression_BasalGanglia-F-Glut_RNAminus.h5,sum_three_quarter,0.5,0.5,1.5,128.0,48.0,28
29,BasalGanglia-F-Glut,RNAplus,BasalGanglia-F-Glut_RNAplus,regression,./Data/basal_ganglia_miniatlas_drop_celltype_v1/labels/regression_BasalGanglia-F-Glut_RNAplus.h5,sum_three_quarter,0.5,0.5,1.5,128.0,48.0,29
30,BasalGanglia-F-M-GATA3-GABA,ATAC,BasalGanglia-F-M-GATA3-GABA_ATAC,regression,./Data/basal_ganglia_miniatlas_drop_celltype_v1/labels/regression_BasalGanglia-F-M-GATA3-GABA_ATAC.h5,mean,0.5,0.5,80.0,3.2,0.8,30
31,BasalGanglia-F-M-GATA3-GABA,K27Ac,BasalGanglia-F-M-GATA3-GABA_K27Ac,regression,./Data/basal_ganglia_miniatlas_drop_celltype_v1/labels/regression_BasalGanglia-F-M-GATA3-GABA_K27Ac.h5,mean,0.5,0.5,2.0,128.0,32.0,31
32,BasalGanglia-F-M-GATA3-GABA,K27Me3,BasalGanglia-F-M-GATA3-GABA_K27Me3,regression,./Data/basal_ganglia_miniatlas_drop_celltype_v1/labels/regression_BasalGanglia-F-M-GATA3-GABA_K27Me3.h5,mean,0.5,0.5,2.0,128.0,32.0,32
33,BasalGanglia-F-M-GATA3-GABA,K9Me3,BasalGanglia-F-M-GATA3-GABA_K9Me3,regression,./Data/basal_ganglia_miniatlas_drop_celltype_v1/labels/regression_BasalGanglia-F-M-GATA3-GABA_K9Me3.h5,mean,0.5,0.5,5.5,48.0,12.0,33
34,BasalGanglia-F-M-GATA3-GABA,RNAminus,BasalGanglia-F-M-GATA3-GABA_RNAminus,regression,./Data/basal_ganglia_miniatlas_drop_celltype_v1/labels/regression_BasalGanglia-F-M-GATA3-GABA_RNAminus.h5,sum_three_quarter,0.5,0.5,1.5,128.0,48.0,34
35,BasalGanglia-F-M-GATA3-GABA,RNAplus,BasalGanglia-F-M-GATA3-GABA_RNAplus,regression,./Data/basal_ganglia_miniatlas_drop_celltype_v1/labels/regression_BasalGanglia-F-M-GATA3-GABA_RNAplus.h5,sum_three_quarter,0.5,0.5,1.5,128.0,48.0,35
36,BasalGanglia-F-M-Glut,ATAC,BasalGanglia-F-M-Glut_ATAC,regression,./Data/basal_ganglia_miniatlas_drop_celltype_v1/labels/regression_BasalGanglia-F-M-Glut_ATAC.h5,mean,0.5,0.5,80.0,3.2,0.8,36
37,BasalGanglia-F-M-Glut,K27Ac,BasalGanglia-F-M-Glut_K27Ac,regression,./Data/basal_ganglia_miniatlas_drop_celltype_v1/labels/regression_BasalGanglia-F-M-Glut_K27Ac.h5,mean,0.5,0.5,2.0,128.0,32.0,37
38,BasalGanglia-F-M-Glut,K27Me3,BasalGanglia-F-M-Glut_K27Me3,regression,./Data/basal_ganglia_miniatlas_drop_celltype_v1/labels/regression_BasalGanglia-F-M-Glut_K27Me3.h5,mean,0.5,0.5,2.0,128.0,32.0,38
39,BasalGanglia-F-M-Glut,K9Me3,BasalGanglia-F-M-Glut_K9Me3,regression,./Data/basal_ganglia_miniatlas_drop_celltype_v1/labels/regression_BasalGanglia-F-M-Glut_K9Me3.h5,mean,0.5,0.5,5.5,48.0,12.0,39
40,BasalGanglia-F-M-Glut,RNAminus,BasalGanglia-F-M-Glut_RNAminus,regression,./Data/basal_ganglia_miniatlas_drop_celltype_v1/labels/regression_BasalGanglia-F-M-Glut_RNAminus.h5,sum_three_quarter,0.5,0.5,1.5,128.0,48.0,40
41,BasalGanglia-F-M-Glut,RNAplus,BasalGanglia-F-M-Glut_RNAplus,regression,./Data/basal_ganglia_miniatlas_drop_celltype_v1/labels/regression_BasalGanglia-F-M-Glut_RNAplus.h5,sum_three_quarter,0.5,0.5,1.5,128.0,48.0,41
42,BasalGanglia-Microglia,ATAC,BasalGanglia-Microglia_ATAC,regression,./Data/basal_ganglia_miniatlas_drop_celltype_v1/labels/regression_BasalGanglia-Microglia_ATAC.h5,mean,0.5,0.5,80.0,3.2,0.8,42
43,BasalGanglia-Microglia,K27Ac,BasalGanglia-Microglia_K27Ac,regression,./Data/basal_ganglia_miniatlas_drop_celltype_v1/labels/regression_BasalGanglia-Microglia_K27Ac.h5,mean,0.5,0.5,2.0,128.0,32.0,43
44,BasalGanglia-Microglia,K27Me3,BasalGanglia-Microglia_K27Me3,regression,./Data/basal_ganglia_miniatlas_drop_celltype_v1/labels/regression_BasalGanglia-Microglia_K27Me3.h5,mean,0.5,0.5,2.0,128.0,32.0,44
45,BasalGanglia-Microglia,K9Me3,BasalGanglia-Microglia_K9Me3,regression,./Data/basal_ganglia_miniatlas_drop_celltype_v1/labels/regression_BasalGanglia-Microglia_K9Me3.h5,mean,0.5,0.5,5.5,48.0,12.0,45
46,BasalGanglia-Microglia,RNAminus,BasalGanglia-Microglia_RNAminus,regression,./Data/basal_ganglia_miniatlas_drop_celltype_v1/labels/regression_BasalGanglia-Microglia_RNAminus.h5,sum_three_quarter,0.5,0.5,1.5,128.0,48.0,46
47,BasalGanglia-Microglia,RNAplus,BasalGanglia-Microglia_RNAplus,regression,./Data/basal_ganglia_miniatlas_drop_celltype_v1/labels/regression_BasalGanglia-Microglia_RNAplus.h5,sum_three_quarter,0.5,0.5,1.5,128.0,48.0,47
48,BasalGanglia-OPC,ATAC,BasalGanglia-OPC_ATAC,regression,./Data/basal_ganglia_miniatlas_drop_celltype_v1/labels/regression_BasalGanglia-OPC_ATAC.h5,mean,0.5,0.5,80.0,3.2,0.8,48
49,BasalGanglia-OPC,K27Ac,BasalGanglia-OPC_K27Ac,regression,./Data/basal_ganglia_miniatlas_drop_celltype_v1/labels/regression_BasalGanglia-OPC_K27Ac.h5,mean,0.5,0.5,2.0,128.0,32.0,49
50,BasalGanglia-OPC,K27Me3,BasalGanglia-OPC_K27Me3,regression,./Data/basal_ganglia_miniatlas_drop_celltype_v1/labels/regression_BasalGanglia-OPC_K27Me3.h5,mean,0.5,0.5,2.0,128.0,32.0,50
51,BasalGanglia-OPC,K9Me3,BasalGanglia-OPC_K9Me3,regression,./Data/basal_ganglia_miniatlas_drop_celltype_v1/labels/regression_BasalGanglia-OPC_K9Me3.h5,mean,0.5,0.5,5.5,48.0,12.0,51
52,BasalGanglia-OPC,RNAminus,BasalGanglia-OPC_RNAminus,regression,./Data/basal_ganglia_miniatlas_drop_celltype_v1/labels/regression_BasalGanglia-OPC_RNAminus.h5,sum_three_quarter,0.5,0.5,1.5,128.0,48.0,52
53,BasalGanglia-OPC,RNAplus,BasalGanglia-OPC_RNAplus,regression,./Data/basal_ganglia_miniatlas_drop_celltype_v1/labels/regression_BasalGanglia-OPC_RNAplus.h5,sum_three_quarter,0.5,0.5,1.5,128.0,48.0,53
54,BasalGanglia-OT-Granular-GABA,ATAC,BasalGanglia-OT-Granular-GABA_ATAC,regression,./Data/basal_ganglia_miniatlas_drop_celltype_v1/labels/regression_BasalGanglia-OT-Granular-GABA_ATAC.h5,mean,0.5,0.5,80.0,3.2,0.8,54
55,BasalGanglia-OT-Granular-GABA,K27Ac,BasalGanglia-OT-Granular-GABA_K27Ac,regression,./Data/basal_ganglia_miniatlas_drop_celltype_v1/labels/regression_BasalGanglia-OT-Granular-GABA_K27Ac.h5,mean,0.5,0.5,2.0,128.0,32.0,55
56,BasalGanglia-OT-Granular-GABA,K27Me3,BasalGanglia-OT-Granular-GABA_K27Me3,regression,./Data/basal_ganglia_miniatlas_drop_celltype_v1/labels/regression_BasalGanglia-OT-Granular-GABA_K27Me3.h5,mean,0.5,0.5,2.0,128.0,32.0,56
57,BasalGanglia-OT-Granular-GABA,K9Me3,BasalGanglia-OT-Granular-GABA_K9Me3,regression,./Data/basal_ganglia_miniatlas_drop_celltype_v1/labels/regression_BasalGanglia-OT-Granular-GABA_K9Me3.h5,mean,0.5,0.5,5.5,48.0,12.0,57
58,BasalGanglia-OT-Granular-GABA,RNAminus,BasalGanglia-OT-Granular-GABA_RNAminus,regression,./Data/basal_ganglia_miniatlas_drop_celltype_v1/labels/regression_BasalGanglia-OT-Granular-GABA_RNAminus.h5,sum_three_quarter,0.5,0.5,1.5,128.0,48.0,58
59,BasalGanglia-OT-Granular-GABA,RNAplus,BasalGanglia-OT-Granular-GABA_RNAplus,regression,./Data/basal_ganglia_miniatlas_drop_celltype_v1/labels/regression_BasalGanglia-OT-Granular-GABA_RNAplus.h5,sum_three_quarter,0.5,0.5,1.5,128.0,48.0,59
60,BasalGanglia-Oligodendrocyte,ATAC,BasalGanglia-Oligodendrocyte_ATAC,regression,./Data/basal_ganglia_miniatlas_drop_celltype_v1/labels/regression_BasalGanglia-Oligodendrocyte_ATAC.h5,mean,0.5,0.5,80.0,3.2,0.8,60
61,BasalGanglia-Oligodendrocyte,K27Ac,BasalGanglia-Oligodendrocyte_K27Ac,regression,./Data/basal_ganglia_miniatlas_drop_celltype_v1/labels/regression_BasalGanglia-Oligodendrocyte_K27Ac.h5,mean,0.5,0.5,2.0,128.0,32.0,61
62,BasalGanglia-Oligodendrocyte,K27Me3,BasalGanglia-Oligodendrocyte_K27Me3,regression,./Data/basal_ganglia_miniatlas_drop_celltype_v1/labels/regression_BasalGanglia-Oligodendrocyte_K27Me3.h5,mean,0.5,0.5,2.0,128.0,32.0,62
63,BasalGanglia-Oligodendrocyte,K9Me3,BasalGanglia-Oligodendrocyte_K9Me3,regression,./Data/basal_ganglia_miniatlas_drop_celltype_v1/labels/regression_BasalGanglia-Oligodendrocyte_K9Me3.h5,mean,0.5,0.5,5.5,48.0,12.0,63
64,BasalGanglia-Oligodendrocyte,RNAminus,BasalGanglia-Oligodendrocyte_RNAminus,regression,./Data/basal_ganglia_miniatlas_drop_celltype_v1/labels/regression_BasalGanglia-Oligodendrocyte_RNAminus.h5,sum_three_quarter,0.5,0.5,1.5,128.0,48.0,64
65,BasalGanglia-Oligodendrocyte,RNAplus,BasalGanglia-Oligodendrocyte_RNAplus,regression,./Data/basal_ganglia_miniatlas_drop_celltype_v1/labels/regression_BasalGanglia-Oligodendrocyte_RNAplus.h5,sum_three_quarter,0.5,0.5,1.5,128.0,48.0,65
66,BasalGanglia-STR-D1-MSN,ATAC,BasalGanglia-STR-D1-MSN_ATAC,regression,./Data/basal_ganglia_miniatlas_drop_celltype_v1/labels/regression_BasalGanglia-STR-D1-MSN_ATAC.h5,mean,0.5,0.5,80.0,3.2,0.8,66
67,BasalGanglia-STR-D1-MSN,K27Ac,BasalGanglia-STR-D1-MSN_K27Ac,regression,./Data/basal_ganglia_miniatlas_drop_celltype_v1/labels/regression_BasalGanglia-STR-D1-MSN_K27Ac.h5,mean,0.5,0.5,2.0,128.0,32.0,67
68,BasalGanglia-STR-D1-MSN,K27Me3,BasalGanglia-STR-D1-MSN_K27Me3,regression,./Data/basal_ganglia_miniatlas_drop_celltype_v1/labels/regression_BasalGanglia-STR-D1-MSN_K27Me3.h5,mean,0.5,0.5,2.0,128.0,32.0,68
69,BasalGanglia-STR-D1-MSN,K9Me3,BasalGanglia-STR-D1-MSN_K9Me3,regression,./Data/basal_ganglia_miniatlas_drop_celltype_v1/labels/regression_BasalGanglia-STR-D1-MSN_K9Me3.h5,mean,0.5,0.5,5.5,48.0,12.0,69
70,BasalGanglia-STR-D1-MSN,RNAminus,BasalGanglia-STR-D1-MSN_RNAminus,regression,./Data/basal_ganglia_miniatlas_drop_celltype_v1/labels/regression_BasalGanglia-STR-D1-MSN_RNAminus.h5,sum_three_quarter,0.5,0.5,1.5,128.0,48.0,70
71,BasalGanglia-STR-D1-MSN,RNAplus,BasalGanglia-STR-D1-MSN_RNAplus,regression,./Data/basal_ganglia_miniatlas_drop_celltype_v1/labels/regression_BasalGanglia-STR-D1-MSN_RNAplus.h5,sum_three_quarter,0.5,0.5,1.5,128.0,48.0,71
72,BasalGanglia-STR-D2-MSN,ATAC,BasalGanglia-STR-D2-MSN_ATAC,regression,./Data/basal_ganglia_miniatlas_drop_celltype_v1/labels/regression_BasalGanglia-STR-D2-MSN_ATAC.h5,mean,0.5,0.5,80.0,3.2,0.8,72
73,BasalGanglia-STR-D2-MSN,K27Ac,BasalGanglia-STR-D2-MSN_K27Ac,regression,./Data/basal_ganglia_miniatlas_drop_celltype_v1/labels/regression_BasalGanglia-STR-D2-MSN_K27Ac.h5,mean,0.5,0.5,2.0,128.0,32.0,73
74,BasalGanglia-STR-D2-MSN,K27Me3,BasalGanglia-STR-D2-MSN_K27Me3,regression,./Data/basal_ganglia_miniatlas_drop_celltype_v1/labels/regression_BasalGanglia-STR-D2-MSN_K27Me3.h5,mean,0.5,0.5,2.0,128.0,32.0,74
75,BasalGanglia-STR-D2-MSN,K9Me3,BasalGanglia-STR-D2-MSN_K9Me3,regression,./Data/basal_ganglia_miniatlas_drop_celltype_v1/labels/regression_BasalGanglia-STR-D2-MSN_K9Me3.h5,mean,0.5,0.5,5.5,48.0,12.0,75
76,BasalGanglia-STR-D2-MSN,RNAminus,BasalGanglia-STR-D2-MSN_RNAminus,regression,./Data/basal_ganglia_miniatlas_drop_celltype_v1/labels/regression_BasalGanglia-STR-D2-MSN_RNAminus.h5,sum_three_quarter,0.5,0.5,1.5,128.0,48.0,76
77,BasalGanglia-STR-D2-MSN,RNAplus,BasalGanglia-STR-D2-MSN_RNAplus,regression,./Data/basal_ganglia_miniatlas_drop_celltype_v1/labels/regression_BasalGanglia-STR-D2-MSN_RNAplus.h5,sum_three_quarter,0.5,0.5,1.5,128.0,48.0,77
78,BasalGanglia-STR-Hybrid-MSN,ATAC,BasalGanglia-STR-Hybrid-MSN_ATAC,regression,./Data/basal_ganglia_miniatlas_drop_celltype_v1/labels/regression_BasalGanglia-STR-Hybrid-MSN_ATAC.h5,mean,0.5,0.5,80.0,3.2,0.8,78
79,BasalGanglia-STR-Hybrid-MSN,K27Ac,BasalGanglia-STR-Hybrid-MSN_K27Ac,regression,./Data/basal_ganglia_miniatlas_drop_celltype_v1/labels/regression_BasalGanglia-STR-Hybrid-MSN_K27Ac.h5,mean,0.5,0.5,2.0,128.0,32.0,79
80,BasalGanglia-STR-Hybrid-MSN,K27Me3,BasalGanglia-STR-Hybrid-MSN_K27Me3,regression,./Data/basal_ganglia_miniatlas_drop_celltype_v1/labels/regression_BasalGanglia-STR-Hybrid-MSN_K27Me3.h5,mean,0.5,0.5,2.0,128.0,32.0,80
81,BasalGanglia-STR-Hybrid-MSN,K9Me3,BasalGanglia-STR-Hybrid-MSN_K9Me3,regression,./Data/basal_ganglia_miniatlas_drop_celltype_v1/labels/regression_BasalGanglia-STR-Hybrid-MSN_K9Me3.h5,mean,0.5,0.5,5.5,48.0,12.0,81
82,BasalGanglia-STR-Hybrid-MSN,RNAminus,BasalGanglia-STR-Hybrid-MSN_RNAminus,regression,./Data/basal_ganglia_miniatlas_drop_celltype_v1/labels/regression_BasalGanglia-STR-Hybrid-MSN_RNAminus.h5,sum_three_quarter,0.5,0.5,1.5,128.0,48.0,82
83,BasalGanglia-STR-Hybrid-MSN,RNAplus,BasalGanglia-STR-Hybrid-MSN_RNAplus,regression,./Data/basal_ganglia_miniatlas_drop_celltype_v1/labels/regression_BasalGanglia-STR-Hybrid-MSN_RNAplus.h5,sum_three_quarter,0.5,0.5,1.5,128.0,48.0,83
84,MiniAtlas-ACBGM,ATAC,MiniAtlas-ACBGM_ATAC,regression,./Data/basal_ganglia_miniatlas_drop_celltype_v1/labels/regression_MiniAtlas-ACBGM_ATAC.h5,mean,0.5,0.5,0.375,768.0,256.0,84
85,MiniAtlas-ACBGM,K27Ac,MiniAtlas-ACBGM_K27Ac,regression,./Data/basal_ganglia_miniatlas_drop_celltype_v1/labels/regression_MiniAtlas-ACBGM_K27Ac.h5,mean,0.5,0.5,2.0,128.0,32.0,85
86,MiniAtlas-ACBGM,K27Me3,MiniAtlas-ACBGM_K27Me3,regression,./Data/basal_ganglia_miniatlas_drop_celltype_v1/labels/regression_MiniAtlas-ACBGM_K27Me3.h5,mean,0.5,0.5,2.0,128.0,32.0,86
88,MiniAtlas-ACBGM,RNAminus,MiniAtlas-ACBGM_RNAminus,regression,./Data/basal_ganglia_miniatlas_drop_celltype_v1/labels/regression_MiniAtlas-ACBGM_RNAminus.h5,sum_three_quarter,0.5,0.5,1.5,128.0,48.0,87
89,MiniAtlas-ACBGM,RNAplus,MiniAtlas-ACBGM_RNAplus,regression,./Data/basal_ganglia_miniatlas_drop_celltype_v1/labels/regression_MiniAtlas-ACBGM_RNAplus.h5,sum_three_quarter,0.5,0.5,1.5,128.0,48.0,88
90,MiniAtlas-AST,ATAC,MiniAtlas-AST_ATAC,regression,./Data/basal_ganglia_miniatlas_drop_celltype_v1/labels/regression_MiniAtlas-AST_ATAC.h5,mean,0.5,0.5,0.375,768.0,256.0,89
91,MiniAtlas-AST,K27Ac,MiniAtlas-AST_K27Ac,regression,./Data/basal_ganglia_miniatlas_drop_celltype_v1/labels/regression_MiniAtlas-AST_K27Ac.h5,mean,0.5,0.5,2.0,128.0,32.0,90
92,MiniAtlas-AST,K27Me3,MiniAtlas-AST_K27Me3,regression,./Data/basal_ganglia_miniatlas_drop_celltype_v1/labels/regression_MiniAtlas-AST_K27Me3.h5,mean,0.5,0.5,2.0,128.0,32.0,91
94,MiniAtlas-AST,RNAminus,MiniAtlas-AST_RNAminus,regression,./Data/basal_ganglia_miniatlas_drop_celltype_v1/labels/regression_MiniAtlas-AST_RNAminus.h5,sum_three_quarter,0.5,0.5,1.5,128.0,48.0,92
95,MiniAtlas-AST,RNAplus,MiniAtlas-AST_RNAplus,regression,./Data/basal_ganglia_miniatlas_drop_celltype_v1/labels/regression_MiniAtlas-AST_RNAplus.h5,sum_three_quarter,0.5,0.5,1.5,128.0,48.0,93
96,MiniAtlas-CBGA,ATAC,MiniAtlas-CBGA_ATAC,regression,./Data/basal_ganglia_miniatlas_drop_celltype_v1/labels/regression_MiniAtlas-CBGA_ATAC.h5,mean,0.5,0.5,0.375,768.0,256.0,94
97,MiniAtlas-CBGA,K27Ac,MiniAtlas-CBGA_K27Ac,regression,./Data/basal_ganglia_miniatlas_drop_celltype_v1/labels/regression_MiniAtlas-CBGA_K27Ac.h5,mean,0.5,0.5,2.0,128.0,32.0,95
98,MiniAtlas-CBGA,K27Me3,MiniAtlas-CBGA_K27Me3,regression,./Data/basal_ganglia_miniatlas_drop_celltype_v1/labels/regression_MiniAtlas-CBGA_K27Me3.h5,mean,0.5,0.5,2.0,128.0,32.0,96
100,MiniAtlas-CBGA,RNAminus,MiniAtlas-CBGA_RNAminus,regression,./Data/basal_ganglia_miniatlas_drop_celltype_v1/labels/regression_MiniAtlas-CBGA_RNAminus.h5,sum_three_quarter,0.5,0.5,1.5,128.0,48.0,97
101,MiniAtlas-CBGA,RNAplus,MiniAtlas-CBGA_RNAplus,regression,./Data/basal_ganglia_miniatlas_drop_celltype_v1/labels/regression_MiniAtlas-CBGA_RNAplus.h5,sum_three_quarter,0.5,0.5,1.5,128.0,48.0,98
102,MiniAtlas-L23IT,ATAC,MiniAtlas-L23IT_ATAC,regression,./Data/basal_ganglia_miniatlas_drop_celltype_v1/labels/regression_MiniAtlas-L23IT_ATAC.h5,mean,0.5,0.5,0.375,768.0,256.0,99
103,MiniAtlas-L23IT,K27Ac,MiniAtlas-L23IT_K27Ac,regression,./Data/basal_ganglia_miniatlas_drop_celltype_v1/labels/regression_MiniAtlas-L23IT_K27Ac.h5,mean,0.5,0.5,2.0,128.0,32.0,100
104,MiniAtlas-L23IT,K27Me3,MiniAtlas-L23IT_K27Me3,regression,./Data/basal_ganglia_miniatlas_drop_celltype_v1/labels/regression_MiniAtlas-L23IT_K27Me3.h5,mean,0.5,0.5,2.0,128.0,32.0,101
106,MiniAtlas-L23IT,RNAminus,MiniAtlas-L23IT_RNAminus,regression,./Data/basal_ganglia_miniatlas_drop_celltype_v1/labels/regression_MiniAtlas-L23IT_RNAminus.h5,sum_three_quarter,0.5,0.5,1.5,128.0,48.0,102
107,MiniAtlas-L23IT,RNAplus,MiniAtlas-L23IT_RNAplus,regression,./Data/basal_ganglia_miniatlas_drop_celltype_v1/labels/regression_MiniAtlas-L23IT_RNAplus.h5,sum_three_quarter,0.5,0.5,1.5,128.0,48.0,103
108,MiniAtlas-L2IT,ATAC,MiniAtlas-L2IT_ATAC,regression,./Data/basal_ganglia_miniatlas_drop_celltype_v1/labels/regression_MiniAtlas-L2IT_ATAC.h5,mean,0.5,0.5,0.375,768.0,256.0,104
109,MiniAtlas-L2IT,K27Ac,MiniAtlas-L2IT_K27Ac,regression,./Data/basal_ganglia_miniatlas_drop_celltype_v1/labels/regression_MiniAtlas-L2IT_K27Ac.h5,mean,0.5,0.5,2.0,128.0,32.0,105
110,MiniAtlas-L2IT,K27Me3,MiniAtlas-L2IT_K27Me3,regression,./Data/basal_ganglia_miniatlas_drop_celltype_v1/labels/regression_MiniAtlas-L2IT_K27Me3.h5,mean,0.5,0.5,2.0,128.0,32.0,106
112,MiniAtlas-L2IT,RNAminus,MiniAtlas-L2IT_RNAminus,regression,./Data/basal_ganglia_miniatlas_drop_celltype_v1/labels/regression_MiniAtlas-L2IT_RNAminus.h5,sum_three_quarter,0.5,0.5,1.5,128.0,48.0,107
113,MiniAtlas-L2IT,RNAplus,MiniAtlas-L2IT_RNAplus,regression,./Data/basal_ganglia_miniatlas_drop_celltype_v1/labels/regression_MiniAtlas-L2IT_RNAplus.h5,sum_three_quarter,0.5,0.5,1.5,128.0,48.0,108
114,MiniAtlas-L34IT,ATAC,MiniAtlas-L34IT_ATAC,regression,./Data/basal_ganglia_miniatlas_drop_celltype_v1/labels/regression_MiniAtlas-L34IT_ATAC.h5,mean,0.5,0.5,0.375,768.0,256.0,109
115,MiniAtlas-L34IT,K27Ac,MiniAtlas-L34IT_K27Ac,regression,./Data/basal_ganglia_miniatlas_drop_celltype_v1/labels/regression_MiniAtlas-L34IT_K27Ac.h5,mean,0.5,0.5,2.0,128.0,32.0,110
116,MiniAtlas-L34IT,K27Me3,MiniAtlas-L34IT_K27Me3,regression,./Data/basal_ganglia_miniatlas_drop_celltype_v1/labels/regression_MiniAtlas-L34IT_K27Me3.h5,mean,0.5,0.5,2.0,128.0,32.0,111
118,MiniAtlas-L34IT,RNAminus,MiniAtlas-L34IT_RNAminus,regression,./Data/basal_ganglia_miniatlas_drop_celltype_v1/labels/regression_MiniAtlas-L34IT_RNAminus.h5,sum_three_quarter,0.5,0.5,1.5,128.0,48.0,112
119,MiniAtlas-L34IT,RNAplus,MiniAtlas-L34IT_RNAplus,regression,./Data/basal_ganglia_miniatlas_drop_celltype_v1/labels/regression_MiniAtlas-L34IT_RNAplus.h5,sum_three_quarter,0.5,0.5,1.5,128.0,48.0,113
120,MiniAtlas-L35IT,ATAC,MiniAtlas-L35IT_ATAC,regression,./Data/basal_ganglia_miniatlas_drop_celltype_v1/labels/regression_MiniAtlas-L35IT_ATAC.h5,mean,0.5,0.5,0.375,768.0,256.0,114
121,MiniAtlas-L35IT,K27Ac,MiniAtlas-L35IT_K27Ac,regression,./Data/basal_ganglia_miniatlas_drop_celltype_v1/labels/regression_MiniAtlas-L35IT_K27Ac.h5,mean,0.5,0.5,2.0,128.0,32.0,115
122,MiniAtlas-L35IT,K27Me3,MiniAtlas-L35IT_K27Me3,regression,./Data/basal_ganglia_miniatlas_drop_celltype_v1/labels/regression_MiniAtlas-L35IT_K27Me3.h5,mean,0.5,0.5,2.0,128.0,32.0,116
124,MiniAtlas-L35IT,RNAminus,MiniAtlas-L35IT_RNAminus,regression,./Data/basal_ganglia_miniatlas_drop_celltype_v1/labels/regression_MiniAtlas-L35IT_RNAminus.h5,sum_three_quarter,0.5,0.5,1.5,128.0,48.0,117
125,MiniAtlas-L35IT,RNAplus,MiniAtlas-L35IT_RNAplus,regression,./Data/basal_ganglia_miniatlas_drop_celltype_v1/labels/regression_MiniAtlas-L35IT_RNAplus.h5,sum_three_quarter,0.5,0.5,1.5,128.0,48.0,118
126,MiniAtlas-L45IT,ATAC,MiniAtlas-L45IT_ATAC,regression,./Data/basal_ganglia_miniatlas_drop_celltype_v1/labels/regression_MiniAtlas-L45IT_ATAC.h5,mean,0.5,0.5,0.375,768.0,256.0,119
127,MiniAtlas-L45IT,K27Ac,MiniAtlas-L45IT_K27Ac,regression,./Data/basal_ganglia_miniatlas_drop_celltype_v1/labels/regression_MiniAtlas-L45IT_K27Ac.h5,mean,0.5,0.5,2.0,128.0,32.0,120
128,MiniAtlas-L45IT,K27Me3,MiniAtlas-L45IT_K27Me3,regression,./Data/basal_ganglia_miniatlas_drop_celltype_v1/labels/regression_MiniAtlas-L45IT_K27Me3.h5,mean,0.5,0.5,2.0,128.0,32.0,121
130,MiniAtlas-L45IT,RNAminus,MiniAtlas-L45IT_RNAminus,regression,./Data/basal_ganglia_miniatlas_drop_celltype_v1/labels/regression_MiniAtlas-L45IT_RNAminus.h5,sum_three_quarter,0.5,0.5,1.5,128.0,48.0,122
131,MiniAtlas-L45IT,RNAplus,MiniAtlas-L45IT_RNAplus,regression,./Data/basal_ganglia_miniatlas_drop_celltype_v1/labels/regression_MiniAtlas-L45IT_RNAplus.h5,sum_three_quarter,0.5,0.5,1.5,128.0,48.0,123
132,MiniAtlas-L4IT,ATAC,MiniAtlas-L4IT_ATAC,regression,./Data/basal_ganglia_miniatlas_drop_celltype_v1/labels/regression_MiniAtlas-L4IT_ATAC.h5,mean,0.5,0.5,0.375,768.0,256.0,124
133,MiniAtlas-L4IT,K27Ac,MiniAtlas-L4IT_K27Ac,regression,./Data/basal_ganglia_miniatlas_drop_celltype_v1/labels/regression_MiniAtlas-L4IT_K27Ac.h5,mean,0.5,0.5,2.0,128.0,32.0,125
134,MiniAtlas-L4IT,K27Me3,MiniAtlas-L4IT_K27Me3,regression,./Data/basal_ganglia_miniatlas_drop_celltype_v1/labels/regression_MiniAtlas-L4IT_K27Me3.h5,mean,0.5,0.5,2.0,128.0,32.0,126
136,MiniAtlas-L4IT,RNAminus,MiniAtlas-L4IT_RNAminus,regression,./Data/basal_ganglia_miniatlas_drop_celltype_v1/labels/regression_MiniAtlas-L4IT_RNAminus.h5,sum_three_quarter,0.5,0.5,1.5,128.0,48.0,127
137,MiniAtlas-L4IT,RNAplus,MiniAtlas-L4IT_RNAplus,regression,./Data/basal_ganglia_miniatlas_drop_celltype_v1/labels/regression_MiniAtlas-L4IT_RNAplus.h5,sum_three_quarter,0.5,0.5,1.5,128.0,48.0,128
138,MiniAtlas-L56IT,ATAC,MiniAtlas-L56IT_ATAC,regression,./Data/basal_ganglia_miniatlas_drop_celltype_v1/labels/regression_MiniAtlas-L56IT_ATAC.h5,mean,0.5,0.5,0.375,768.0,256.0,129
139,MiniAtlas-L56IT,K27Ac,MiniAtlas-L56IT_K27Ac,regression,./Data/basal_ganglia_miniatlas_drop_celltype_v1/labels/regression_MiniAtlas-L56IT_K27Ac.h5,mean,0.5,0.5,2.0,128.0,32.0,130
140,MiniAtlas-L56IT,K27Me3,MiniAtlas-L56IT_K27Me3,regression,./Data/basal_ganglia_miniatlas_drop_celltype_v1/labels/regression_MiniAtlas-L56IT_K27Me3.h5,mean,0.5,0.5,2.0,128.0,32.0,131
142,MiniAtlas-L56IT,RNAminus,MiniAtlas-L56IT_RNAminus,regression,./Data/basal_ganglia_miniatlas_drop_celltype_v1/labels/regression_MiniAtlas-L56IT_RNAminus.h5,sum_three_quarter,0.5,0.5,1.5,128.0,48.0,132
143,MiniAtlas-L56IT,RNAplus,MiniAtlas-L56IT_RNAplus,regression,./Data/basal_ganglia_miniatlas_drop_celltype_v1/labels/regression_MiniAtlas-L56IT_RNAplus.h5,sum_three_quarter,0.5,0.5,1.5,128.0,48.0,133
144,MiniAtlas-L56NP,ATAC,MiniAtlas-L56NP_ATAC,regression,./Data/basal_ganglia_miniatlas_drop_celltype_v1/labels/regression_MiniAtlas-L56NP_ATAC.h5,mean,0.5,0.5,0.375,768.0,256.0,134
145,MiniAtlas-L56NP,K27Ac,MiniAtlas-L56NP_K27Ac,regression,./Data/basal_ganglia_miniatlas_drop_celltype_v1/labels/regression_MiniAtlas-L56NP_K27Ac.h5,mean,0.5,0.5,2.0,128.0,32.0,135
146,MiniAtlas-L56NP,K27Me3,MiniAtlas-L56NP_K27Me3,regression,./Data/basal_ganglia_miniatlas_drop_celltype_v1/labels/regression_MiniAtlas-L56NP_K27Me3.h5,mean,0.5,0.5,2.0,128.0,32.0,136
148,MiniAtlas-L56NP,RNAminus,MiniAtlas-L56NP_RNAminus,regression,./Data/basal_ganglia_miniatlas_drop_celltype_v1/labels/regression_MiniAtlas-L56NP_RNAminus.h5,sum_three_quarter,0.5,0.5,1.5,128.0,48.0,137
149,MiniAtlas-L56NP,RNAplus,MiniAtlas-L56NP_RNAplus,regression,./Data/basal_ganglia_miniatlas_drop_celltype_v1/labels/regression_MiniAtlas-L56NP_RNAplus.h5,sum_three_quarter,0.5,0.5,1.5,128.0,48.0,138
150,MiniAtlas-L5IT,ATAC,MiniAtlas-L5IT_ATAC,regression,./Data/basal_ganglia_miniatlas_drop_celltype_v1/labels/regression_MiniAtlas-L5IT_ATAC.h5,mean,0.5,0.5,0.375,768.0,256.0,139
151,MiniAtlas-L5IT,K27Ac,MiniAtlas-L5IT_K27Ac,regression,./Data/basal_ganglia_miniatlas_drop_celltype_v1/labels/regression_MiniAtlas-L5IT_K27Ac.h5,mean,0.5,0.5,2.0,128.0,32.0,140
152,MiniAtlas-L5IT,K27Me3,MiniAtlas-L5IT_K27Me3,regression,./Data/basal_ganglia_miniatlas_drop_celltype_v1/labels/regression_MiniAtlas-L5IT_K27Me3.h5,mean,0.5,0.5,2.0,128.0,32.0,141
154,MiniAtlas-L5IT,RNAminus,MiniAtlas-L5IT_RNAminus,regression,./Data/basal_ganglia_miniatlas_drop_celltype_v1/labels/regression_MiniAtlas-L5IT_RNAminus.h5,sum_three_quarter,0.5,0.5,1.5,128.0,48.0,142
155,MiniAtlas-L5IT,RNAplus,MiniAtlas-L5IT_RNAplus,regression,./Data/basal_ganglia_miniatlas_drop_celltype_v1/labels/regression_MiniAtlas-L5IT_RNAplus.h5,sum_three_quarter,0.5,0.5,1.5,128.0,48.0,143
156,MiniAtlas-L6B,ATAC,MiniAtlas-L6B_ATAC,regression,./Data/basal_ganglia_miniatlas_drop_celltype_v1/labels/regression_MiniAtlas-L6B_ATAC.h5,mean,0.5,0.5,0.375,768.0,256.0,144
157,MiniAtlas-L6B,K27Ac,MiniAtlas-L6B_K27Ac,regression,./Data/basal_ganglia_miniatlas_drop_celltype_v1/labels/regression_MiniAtlas-L6B_K27Ac.h5,mean,0.5,0.5,2.0,128.0,32.0,145
158,MiniAtlas-L6B,K27Me3,MiniAtlas-L6B_K27Me3,regression,./Data/basal_ganglia_miniatlas_drop_celltype_v1/labels/regression_MiniAtlas-L6B_K27Me3.h5,mean,0.5,0.5,2.0,128.0,32.0,146
160,MiniAtlas-L6B,RNAminus,MiniAtlas-L6B_RNAminus,regression,./Data/basal_ganglia_miniatlas_drop_celltype_v1/labels/regression_MiniAtlas-L6B_RNAminus.h5,sum_three_quarter,0.5,0.5,1.5,128.0,48.0,147
161,MiniAtlas-L6B,RNAplus,MiniAtlas-L6B_RNAplus,regression,./Data/basal_ganglia_miniatlas_drop_celltype_v1/labels/regression_MiniAtlas-L6B_RNAplus.h5,sum_three_quarter,0.5,0.5,1.5,128.0,48.0,148
162,MiniAtlas-L6CT,ATAC,MiniAtlas-L6CT_ATAC,regression,./Data/basal_ganglia_miniatlas_drop_celltype_v1/labels/regression_MiniAtlas-L6CT_ATAC.h5,mean,0.5,0.5,0.375,768.0,256.0,149
163,MiniAtlas-L6CT,K27Ac,MiniAtlas-L6CT_K27Ac,regression,./Data/basal_ganglia_miniatlas_drop_celltype_v1/labels/regression_MiniAtlas-L6CT_K27Ac.h5,mean,0.5,0.5,2.0,128.0,32.0,150
164,MiniAtlas-L6CT,K27Me3,MiniAtlas-L6CT_K27Me3,regression,./Data/basal_ganglia_miniatlas_drop_celltype_v1/labels/regression_MiniAtlas-L6CT_K27Me3.h5,mean,0.5,0.5,2.0,128.0,32.0,151
166,MiniAtlas-L6CT,RNAminus,MiniAtlas-L6CT_RNAminus,regression,./Data/basal_ganglia_miniatlas_drop_celltype_v1/labels/regression_MiniAtlas-L6CT_RNAminus.h5,sum_three_quarter,0.5,0.5,1.5,128.0,48.0,152
167,MiniAtlas-L6CT,RNAplus,MiniAtlas-L6CT_RNAplus,regression,./Data/basal_ganglia_miniatlas_drop_celltype_v1/labels/regression_MiniAtlas-L6CT_RNAplus.h5,sum_three_quarter,0.5,0.5,1.5,128.0,48.0,153
168,MiniAtlas-L6IT-1,ATAC,MiniAtlas-L6IT-1_ATAC,regression,./Data/basal_ganglia_miniatlas_drop_celltype_v1/labels/regression_MiniAtlas-L6IT-1_ATAC.h5,mean,0.5,0.5,0.375,768.0,256.0,154
169,MiniAtlas-L6IT-1,K27Ac,MiniAtlas-L6IT-1_K27Ac,regression,./Data/basal_ganglia_miniatlas_drop_celltype_v1/labels/regression_MiniAtlas-L6IT-1_K27Ac.h5,mean,0.5,0.5,2.0,128.0,32.0,155
170,MiniAtlas-L6IT-1,K27Me3,MiniAtlas-L6IT-1_K27Me3,regression,./Data/basal_ganglia_miniatlas_drop_celltype_v1/labels/regression_MiniAtlas-L6IT-1_K27Me3.h5,mean,0.5,0.5,2.0,128.0,32.0,156
172,MiniAtlas-L6IT-1,RNAminus,MiniAtlas-L6IT-1_RNAminus,regression,./Data/basal_ganglia_miniatlas_drop_celltype_v1/labels/regression_MiniAtlas-L6IT-1_RNAminus.h5,sum_three_quarter,0.5,0.5,1.5,128.0,48.0,157
173,MiniAtlas-L6IT-1,RNAplus,MiniAtlas-L6IT-1_RNAplus,regression,./Data/basal_ganglia_miniatlas_drop_celltype_v1/labels/regression_MiniAtlas-L6IT-1_RNAplus.h5,sum_three_quarter,0.5,0.5,1.5,128.0,48.0,158
174,MiniAtlas-L6IT-2,ATAC,MiniAtlas-L6IT-2_ATAC,regression,./Data/basal_ganglia_miniatlas_drop_celltype_v1/labels/regression_MiniAtlas-L6IT-2_ATAC.h5,mean,0.5,0.5,0.375,768.0,256.0,159
175,MiniAtlas-L6IT-2,K27Ac,MiniAtlas-L6IT-2_K27Ac,regression,./Data/basal_ganglia_miniatlas_drop_celltype_v1/labels/regression_MiniAtlas-L6IT-2_K27Ac.h5,mean,0.5,0.5,2.0,128.0,32.0,160
176,MiniAtlas-L6IT-2,K27Me3,MiniAtlas-L6IT-2_K27Me3,regression,./Data/basal_ganglia_miniatlas_drop_celltype_v1/labels/regression_MiniAtlas-L6IT-2_K27Me3.h5,mean,0.5,0.5,2.0,128.0,32.0,161
178,MiniAtlas-L6IT-2,RNAminus,MiniAtlas-L6IT-2_RNAminus,regression,./Data/basal_ganglia_miniatlas_drop_celltype_v1/labels/regression_MiniAtlas-L6IT-2_RNAminus.h5,sum_three_quarter,0.5,0.5,1.5,128.0,48.0,162
179,MiniAtlas-L6IT-2,RNAplus,MiniAtlas-L6IT-2_RNAplus,regression,./Data/basal_ganglia_miniatlas_drop_celltype_v1/labels/regression_MiniAtlas-L6IT-2_RNAplus.h5,sum_three_quarter,0.5,0.5,1.5,128.0,48.0,163
180,MiniAtlas-MGC,ATAC,MiniAtlas-MGC_ATAC,regression,./Data/basal_ganglia_miniatlas_drop_celltype_v1/labels/regression_MiniAtlas-MGC_ATAC.h5,mean,0.5,0.5,0.375,768.0,256.0,164
181,MiniAtlas-MGC,K27Ac,MiniAtlas-MGC_K27Ac,regression,./Data/basal_ganglia_miniatlas_drop_celltype_v1/labels/regression_MiniAtlas-MGC_K27Ac.h5,mean,0.5,0.5,2.0,128.0,32.0,165
182,MiniAtlas-MGC,K27Me3,MiniAtlas-MGC_K27Me3,regression,./Data/basal_ganglia_miniatlas_drop_celltype_v1/labels/regression_MiniAtlas-MGC_K27Me3.h5,mean,0.5,0.5,2.0,128.0,32.0,166
184,MiniAtlas-MGC,RNAminus,MiniAtlas-MGC_RNAminus,regression,./Data/basal_ganglia_miniatlas_drop_celltype_v1/labels/regression_MiniAtlas-MGC_RNAminus.h5,sum_three_quarter,0.5,0.5,1.5,128.0,48.0,167
185,MiniAtlas-MGC,RNAplus,MiniAtlas-MGC_RNAplus,regression,./Data/basal_ganglia_miniatlas_drop_celltype_v1/labels/regression_MiniAtlas-MGC_RNAplus.h5,sum_three_quarter,0.5,0.5,1.5,128.0,48.0,168
186,MiniAtlas-OGC,ATAC,MiniAtlas-OGC_ATAC,regression,./Data/basal_ganglia_miniatlas_drop_celltype_v1/labels/regression_MiniAtlas-OGC_ATAC.h5,mean,0.5,0.5,0.375,768.0,256.0,169
187,MiniAtlas-OGC,K27Ac,MiniAtlas-OGC_K27Ac,regression,./Data/basal_ganglia_miniatlas_drop_celltype_v1/labels/regression_MiniAtlas-OGC_K27Ac.h5,mean,0.5,0.5,2.0,128.0,32.0,170
188,MiniAtlas-OGC,K27Me3,MiniAtlas-OGC_K27Me3,regression,./Data/basal_ganglia_miniatlas_drop_celltype_v1/labels/regression_MiniAtlas-OGC_K27Me3.h5,mean,0.5,0.5,2.0,128.0,32.0,171
190,MiniAtlas-OGC,RNAminus,MiniAtlas-OGC_RNAminus,regression,./Data/basal_ganglia_miniatlas_drop_celltype_v1/labels/regression_MiniAtlas-OGC_RNAminus.h5,sum_three_quarter,0.5,0.5,1.5,128.0,48.0,172
191,MiniAtlas-OGC,RNAplus,MiniAtlas-OGC_RNAplus,regression,./Data/basal_ganglia_miniatlas_drop_celltype_v1/labels/regression_MiniAtlas-OGC_RNAplus.h5,sum_three_quarter,0.5,0.5,1.5,128.0,48.0,173
192,MiniAtlas-OPC,ATAC,MiniAtlas-OPC_ATAC,regression,./Data/basal_ganglia_miniatlas_drop_celltype_v1/labels/regression_MiniAtlas-OPC_ATAC.h5,mean,0.5,0.5,0.375,768.0,256.0,174
193,MiniAtlas-OPC,K27Ac,MiniAtlas-OPC_K27Ac,regression,./Data/basal_ganglia_miniatlas_drop_celltype_v1/labels/regression_MiniAtlas-OPC_K27Ac.h5,mean,0.5,0.5,2.0,128.0,32.0,175
194,MiniAtlas-OPC,K27Me3,MiniAtlas-OPC_K27Me3,regression,./Data/basal_ganglia_miniatlas_drop_celltype_v1/labels/regression_MiniAtlas-OPC_K27Me3.h5,mean,0.5,0.5,2.0,128.0,32.0,176
196,MiniAtlas-OPC,RNAminus,MiniAtlas-OPC_RNAminus,regression,./Data/basal_ganglia_miniatlas_drop_celltype_v1/labels/regression_MiniAtlas-OPC_RNAminus.h5,sum_three_quarter,0.5,0.5,1.5,128.0,48.0,177
197,MiniAtlas-OPC,RNAplus,MiniAtlas-OPC_RNAplus,regression,./Data/basal_ganglia_miniatlas_drop_celltype_v1/labels/regression_MiniAtlas-OPC_RNAplus.h5,sum_three_quarter,0.5,0.5,1.5,128.0,48.0,178
198,MiniAtlas-PV-CHC,ATAC,MiniAtlas-PV-CHC_ATAC,regression,./Data/basal_ganglia_miniatlas_drop_celltype_v1/labels/regression_MiniAtlas-PV-CHC_ATAC.h5,mean,0.5,0.5,0.375,768.0,256.0,179
199,MiniAtlas-PV-CHC,K27Ac,MiniAtlas-PV-CHC_K27Ac,regression,./Data/basal_ganglia_miniatlas_drop_celltype_v1/labels/regression_MiniAtlas-PV-CHC_K27Ac.h5,mean,0.5,0.5,2.0,128.0,32.0,180
200,MiniAtlas-PV-CHC,K27Me3,MiniAtlas-PV-CHC_K27Me3,regression,./Data/basal_ganglia_miniatlas_drop_celltype_v1/labels/regression_MiniAtlas-PV-CHC_K27Me3.h5,mean,0.5,0.5,2.0,128.0,32.0,181
202,MiniAtlas-PV-CHC,RNAminus,MiniAtlas-PV-CHC_RNAminus,regression,./Data/basal_ganglia_miniatlas_drop_celltype_v1/labels/regression_MiniAtlas-PV-CHC_RNAminus.h5,sum_three_quarter,0.5,0.5,1.5,128.0,48.0,182
203,MiniAtlas-PV-CHC,RNAplus,MiniAtlas-PV-CHC_RNAplus,regression,./Data/basal_ganglia_miniatlas_drop_celltype_v1/labels/regression_MiniAtlas-PV-CHC_RNAplus.h5,sum_three_quarter,0.5,0.5,1.5,128.0,48.0,183
204,MiniAtlas-PVALB,ATAC,MiniAtlas-PVALB_ATAC,regression,./Data/basal_ganglia_miniatlas_drop_celltype_v1/labels/regression_MiniAtlas-PVALB_ATAC.h5,mean,0.5,0.5,0.375,768.0,256.0,184
205,MiniAtlas-PVALB,K27Ac,MiniAtlas-PVALB_K27Ac,regression,./Data/basal_ganglia_miniatlas_drop_celltype_v1/labels/regression_MiniAtlas-PVALB_K27Ac.h5,mean,0.5,0.5,2.0,128.0,32.0,185
206,MiniAtlas-PVALB,K27Me3,MiniAtlas-PVALB_K27Me3,regression,./Data/basal_ganglia_miniatlas_drop_celltype_v1/labels/regression_MiniAtlas-PVALB_K27Me3.h5,mean,0.5,0.5,2.0,128.0,32.0,186
208,MiniAtlas-PVALB,RNAminus,MiniAtlas-PVALB_RNAminus,regression,./Data/basal_ganglia_miniatlas_drop_celltype_v1/labels/regression_MiniAtlas-PVALB_RNAminus.h5,sum_three_quarter,0.5,0.5,1.5,128.0,48.0,187
209,MiniAtlas-PVALB,RNAplus,MiniAtlas-PVALB_RNAplus,regression,./Data/basal_ganglia_miniatlas_drop_celltype_v1/labels/regression_MiniAtlas-PVALB_RNAplus.h5,sum_three_quarter,0.5,0.5,1.5,128.0,48.0,188
210,MiniAtlas-URL,ATAC,MiniAtlas-URL_ATAC,regression,./Data/basal_ganglia_miniatlas_drop_celltype_v1/labels/regression_MiniAtlas-URL_ATAC.h5,mean,0.5,0.5,0.375,768.0,256.0,189
211,MiniAtlas-URL,K27Ac,MiniAtlas-URL_K27Ac,regression,./Data/basal_ganglia_miniatlas_drop_celltype_v1/labels/regression_MiniAtlas-URL_K27Ac.h5,mean,0.5,0.5,2.0,128.0,32.0,190
212,MiniAtlas-URL,K27Me3,MiniAtlas-URL_K27Me3,regression,./Data/basal_ganglia_miniatlas_drop_celltype_v1/labels/regression_MiniAtlas-URL_K27Me3.h5,mean,0.5,0.5,2.0,128.0,32.0,191
214,MiniAtlas-URL,RNAminus,MiniAtlas-URL_RNAminus,regression,./Data/basal_ganglia_miniatlas_drop_celltype_v1/labels/regression_MiniAtlas-URL_RNAminus.h5,sum_three_quarter,0.5,0.5,1.5,128.0,48.0,192
215,MiniAtlas-URL,RNAplus,MiniAtlas-URL_RNAplus,regression,./Data/basal_ganglia_miniatlas_drop_celltype_v1/labels/regression_MiniAtlas-URL_RNAplus.h5,sum_three_quarter,0.5,0.5,1.5,128.0,48.0,193
216,MiniAtlas-VIP,ATAC,MiniAtlas-VIP_ATAC,regression,./Data/basal_ganglia_miniatlas_drop_celltype_v1/labels/regression_MiniAtlas-VIP_ATAC.h5,mean,0.5,0.5,0.375,768.0,256.0,194
217,MiniAtlas-VIP,K27Ac,MiniAtlas-VIP_K27Ac,regression,./Data/basal_ganglia_miniatlas_drop_celltype_v1/labels/regression_MiniAtlas-VIP_K27Ac.h5,mean,0.5,0.5,2.0,128.0,32.0,195
218,MiniAtlas-VIP,K27Me3,MiniAtlas-VIP_K27Me3,regression,./Data/basal_ganglia_miniatlas_drop_celltype_v1/labels/regression_MiniAtlas-VIP_K27Me3.h5,mean,0.5,0.5,2.0,128.0,32.0,196
220,MiniAtlas-VIP,RNAminus,MiniAtlas-VIP_RNAminus,regression,./Data/basal_ganglia_miniatlas_drop_celltype_v1/labels/regression_MiniAtlas-VIP_RNAminus.h5,sum_three_quarter,0.5,0.5,1.5,128.0,48.0,197
221,MiniAtlas-VIP,RNAplus,MiniAtlas-VIP_RNAplus,regression,./Data/basal_ganglia_miniatlas_drop_celltype_v1/labels/regression_MiniAtlas-VIP_RNAplus.h5,sum_three_quarter,0.5,0.5,1.5,128.0,48.0,198
